,No,rvac_ID,source,UTR,Batch_date,PlateID,Time Points(h),RY07_FC#12.5,RY07_FC#6.25,RY01_FC#12.5,RY01_FC#6.25,ranking,Repeated,QC,Top50,Selection,Source Selection,Final selection,Comments,Projects,RVAC ID,5' UTR,3' UTR
0,5,RV-UML-m038,ML,5UTR,20220902,4,16,9.69,9.22,242.08,111.35,27044.9498,Yes,,Yes,First 100 mRNA,,,,UML,RV-UML-m038,AGCCGGAACACGGTATCTGTGCGTTCGTAATCAGTACTAACTCTATCCAG,
1,1,RV-UML-m123,PTR,3UTR,20220930,1,16,99.2,161.12,37.27,82.7,19065.333000000002,,,Yes,First 100 mRNA,best 9 from HL,Top3  3UTR,,UML,RV-UML-m123,,AAAAAGTGTGTATTAGGAGGAGAGAGAGGAAAAAAAGAGGAAA
2,2,RV-UML-m124,PTR,3UTR,20220930,1,16,93.93,93.76,35.29,48.12,10505.031600000002,,,Yes,First 100 mRNA,best 9 from HL,,,UML,RV-UML-m124,,GGGCCAGCCCCACCCCCAGCCAGGCTATGGTTGCCACCCCAACCCAATAAAACTGATGTTACTAGCCTCTCAAGGCCCTTTAATCCTTT
3,4,RV-UML-m392,HL,3UTR,20220916,5,16,29.5,41.92,63.35,71.97,5795.9395,Yes,,,First 100 mRNA,best 9 from HL,Top3  3UTR,,UML,RV-UML-m392,,CCCCGTCTGCTCCTCTAGGCTGGCCCCTTGTCCACCCCTCTCCACACCCCTTCCAGCCCAGGGTTCCCATTTGGCTTCTGGCAGTGGCCCAACTAGCCAAGTCTGGTGTTCCCTCATCATCCCCCTACCTGAACCCCTCTTGCCACTGCCTTCTACCTTGTTTGAAACCTGAATCCTAATAAAGAATTAATAACTCCCA
4,3,RV-UML-m184,PTR,Both,20220930,7,16,25.63,75.31,37.6,59.73,4176.0433,,,Yes,First 100 mRNA,Best 10 from PTR,Top PTR,,UML,RV-UML-m184,AGAGGCGCCTGAGAGGCTCTCTACCGGTGAGGGTTTGCGGGGAAG,GGGCCAGCCCCACCCCCAGCCAGGCTATGGTTGCCACCCCAACCCAATAAAACTGATGTTACTAGCCTCTCAAGGCCCTTTAATCCTTT
5,18,RV-UML-m037,ML,5UTR,20220902,4,16,3.54,3.79,88.28,45.77,4053.9922,,,Yes,First 100 mRNA,,,could be rescued,UML,RV-UML-m037,AGGAGGTTCGCCTTGCGCGCATCGCGCCTCAGTCGCACGTGGCGAGACTC,
6,6,RV-UML-m002,ML,5UTR,20220902,1,16,60.38,37.48,35.52,26.11,3190.4696,Yes,,Yes,First 100 mRNA,best 9 from ML,Top3  5UTR,,UML,RV-UML-m002,AGGTCCGTTATATTATTTATCTTGCAGATCAAACTTCAGAGAGGAGGGCC,
7,7,RV-UML-m390,HL,3UTR,20220916,4,16,24.52,34.47,24.34,47.49,2001.1109999999999,Yes,,Yes,First 100 mRNA,best 9 from HL,,,UML,RV-UML-m390,,AATATTAATTTATAAAAAAGAAATTTTAAAAAGTAACAAGAAAGAACTCGTTTGAAACCA
8,9,RV-UML-m394,HL,3UTR,20220916,5,16,20.23,19.1,43.45,32.79,1811.1185,Yes,,Yes,First 100 mRNA,best 9 from HL,Top3  3UTR,,UML,RV-UML-m394,,CTCTGCTGTTTGCTGCATGCTGCATGAGACCCAGGGTCCTGCTTTTTTTAATCTTGTCTTCAGCAGCT
9,8,RV-UML-m178,PTR,Both,20220930,6,16,12.65,45.92,24.28,41.53,1589.2364000000002,,,Yes,First 100 mRNA,Best 10 from PTR,Top PTR,,UML,RV-UML-m178,AGAGGCGCCTGAGAGGCTCTCTACCGGTGAGGGTTTGCGGGGAAG,GCCCTGGAACTCCTAAACCTTTGCCCCTGGGGCTTCCATCCCAACCAGTGCCAAGGACCTCCTCTTCCCCCTTCCAAATAATAAAGTCTATGGACAGGGCTGTCTCTGAAGTACTAACAC
10,12,RV-UML-m405,HL,3UTR,20220916,6,16,13.65,16.02,32.98,39.45,1519.734,Yes,,Yes,First 100 mRNA,best 9 from HL,,,UML,RV-UML-m405,,AGACTGGCTAGATTATCGAATGTTCACATTTTAAAGTTCTGAGAGAAATAAAAACATGAAGAATCTGAAA
11,10,RV-UML-m183,PTR,Both,20220930,7,16,21.17,32.36,31.06,25.66,1482.0608000000002,,,Yes,First 100 mRNA,Best 10 from PTR,Top PTR,,UML,RV-UML-m183,AGAGGCGCCTGAGAGGCTCTCTACCGGTGAGGGTTTGCGGGGAAG,AAAAAGTGTGTATTAGGAGGAGAGAGAGGAAAAAAAGAGGAAA
12,15,RV-UML-m406,HL,3UTR,20220916,6,16,12.41,11.31,29.98,27.86,975.5998999999999,Yes,bad,Yes,First 100 mRNA,,,,UML,RV-UML-m406,,CCCACCACCCTGGCCTGCTGTCCTGCGTCTATCCATGTGGAATGCTGGACAATAAAGCGAGTGCTGCCCA
13,17,RV-UML-m314,ML,5UTR,20220909,7,16,29.61,23.32,10.59,13.28,831.1404,Yes,,Yes,First 100 mRNA,best 9 from ML,,,UML,RV-UML-m314,AGGGAACAGTGGAGCACAATAGTTGTCACAAACGCGTGACCTGTACCTTA,
14,13,RV-UML-m176,PTR,Both,20220930,6,16,15.17,19.92,29.12,18.01,826.6376000000001,,,Yes,First 100 mRNA,Best 10 from PTR,Top PTR,,UML,RV-UML-m176,AGAGGCGCCTGAGAGGCTCTCTACCGGTGAGGGTTTGCGGGGAAG,GCTGGAGCCTCGGTGGCCATGCTTCTTGCCCCTTGGGCCTCCCCCCAGCCCCTCCTCCCCTTCCTGCACCCGTACCCCCGTGGTCTTTGAATAAAGTCTGAGTGGGCGGCA
15,14,RV-UML-m177,PTR,Both,20220930,6,16,13.78,19.75,26.45,17.86,744.5519999999999,,,Yes,First 100 mRNA,Best 10 from PTR,,,UML,RV-UML-m177,AGAGGCGCCTGAGAGGCTCTCTACCGGTGAGGGTTTGCGGGGAAG,GCTCGCTTTCTTGCTGTCCAATTTCTATTAAAGGTTCCTTTGTTCCCTAAGTCCAACTACTAAACTGGGGGATATTATGAAGGGCCTTGAGCATCTGGATTCTGCCTAATAAAAAACATTTATTTTCATTGCAA
16,41,RV-UML-m040,ML,5UTR,20220902,4,16,1.95,1.24,48.69,14.96,730.8204000000001,,,,First 100 mRNA,,,,UML,RV-UML-m040,AGTCAGACGCCCCATACGCATTAGGCTGGTCTATCATCTACTACCTTCGC,
17,11,RV-UML-m186,PTR,Both,20220930,7,16,27.61,11.78,40.51,9.34,703.6091999999999,,,Yes,First 100 mRNA,Best 10 from PTR,Top PTR,,UML,RV-UML-m186,AGGTCTCCCCTCGCCGCATCCACTCTCCGGCCGGCCGCCTGCCCGCCGCCTCCTCCGTGCGCCCGCCAGCCTCGCCCGCGCCGTCACC,GCTGGAGCCTCGGTGGCCATGCTTCTTGCCCCTTGGGCCTCCCCCCAGCCCCTCCTCCCCTTCCTGCACCCGTACCCCCGTGGTCTTTGAATAAAGTCTGAGTGGGCGGCA
18,16,RV-UML-m379,HL,3UTR,20220916,3,16,14.34,15.75,23.72,19.61,691.0042,Yes,,Yes,First 100 mRNA,best 9 from HL,,,UML,RV-UML-m379,,TGAAGACTTTCCATCAAGGTAATGCACTTAATGCTTTATGTGAGATTTAAAAAGTATTTTACCCATCTTAAATAAATTGTGTTTCCATCATAGTGGATACAGTGTTCAGACCCT
19,48,RV-UML-m041,ML,5UTR,20220902,4,16,1.56,1.27,38.84,15.34,597.7868,,,,First 100 mRNA,,,,UML,RV-UML-m041,AGGTCCTTCTGGGGCTTCCGTCGTATCTCCGCCAGGACGGACGAAAAAAA,
20,19,RV-UML-m121,PTR,3UTR,20220930,1,16,31.91,11.28,11.99,5.79,429.3669,,,Yes,First 100 mRNA,best 9 from HL,,,UML,RV-UML-m121,,GTAGCTCTCTGAAGGCTTTTTACCCAGCAATGTCCTCAATGAGGGTCTTTTCTTTCCCTCACCAAAACCCAGCCTTGCCCGTGGGGAGTAAGAGTTAATAAACACACTCACGAAAAGTTCT
21,20,RV-UML-m395,HL,3UTR,20220916,5,16,9.93,9.07,21.32,15.57,422.01750000000004,Yes,bad,Yes,First 100 mRNA,,,,UML,RV-UML-m395,,GAAACTGAAAGCCAGAATCTGCTTCACCTCTTTTTACCTGCAATACCCCCTTACCCCAATACCAAGACCAACTGGCATAGAGCCAACTGAGATAAATGCTATTTAAATAAAGTGTATTTAATGAA
22,23,RV-UML-m407,HL,3UTR,20220916,6,16,7.02,7.11,16.96,17.51,346.8818,Yes,,Yes,First 100 mRNA,,,,UML,RV-UML-m407,,ACTCTAGAATTGTCTCTAGAAAACATAGCTTCTTACTGAACTTGAACATTTTTACAACATTCACTGGTTTTTGTTTTGTTAGCTAATAATCTATAATAGTTGAGTATCTCTGGGAATGGGGAGGGAAATTATATGTAATAGAGCTTAAAAATAAAGTGTCAATTTCCAAGGGCTA
23,21,RV-UML-m398,HL,3UTR,20220916,5,16,7.89,9.11,16.94,15.65,336.98890000000006,Yes,,Yes,First 100 mRNA,best 9 from HL,,,UML,RV-UML-m398,,ACACTTGGATTTGGTATAGAATAACCCATTGAAATTTCTGCTGTGCGAGGGTGGTAGAAATTTACTTTTTTGGGTATATTCTTATATATATTATGTACATCGCTGTCTGAAATTTTAGTTATTTTTTGTTTTTAATAAAGACTAACACAAACTTAATGATTAAAAGTGA
24,25,RV-UML-m302,ML,5UTR,20220909,6,16,18.3,9.82,9.5,5.45,231.48100000000002,Yes,bad,Yes,First 100 mRNA,,,,UML,RV-UML-m302,AGTTATTTGCGATAAACAGTAGGGAGACAATTGACCTGCACAGCGTGGCC,
25,24,RV-UML-m221,PTR,Both,20221007,2,16,10.77,16.7,4.39,11.51,230.38789999999997,,,Yes,First 100 mRNA,Best 10 from PTR,,,UML,RV-UML-m221,AGGCCCCCGCCTGGAGTCCAGACCCGACGGCCGGCCCAGTTCCACGCACCCAGCGAGCCCAAGCGCCTTCTCCGCACCAGGGAAGCCCCACCCACCAGAAGCCAAG,GTAGCTCTCTGAAGGCTTTTTACCCAGCAATGTCCTCAATGAGGGTCTTTTCTTTCCCTCACCAAAACCCAGCCTTGCCCGTGGGGAGTAAGAGTTAATAAACACACTCACGAAAAGTTCT
26,36,RV-UML-m431,HL,3UTR,20220916,8,16,18.82,11.14,5.62,2.37,222.97420000000002,Yes,bad,,First 100 mRNA,,,,UML,RV-UML-m431,,CTAGACAATGATGTTACTAAATGCTTCAAAGCTGAAGAATCTAAATGTCGTCTTTGACTCAAGTACCAAATAATAATAATGCTATACTTAAATTACTTGTGAAAAACAACACATTTTAAAGATTACGTGCTTCTTGGTACAGGTTTGTGAATGACAGTTTATCGTCATGCTGTTAGTGTGCATTCTAAATAAATATATATTCAAATGAAA
27,30,RV-UML-m318,ML,5UTR,20220909,7,16,16.94,10.85,6.06,6.18,221.2498,Yes,,Yes,First 100 mRNA,best 9 from ML,Top3  5UTR,,UML,RV-UML-m318,AGCCCTTACACGAATTCTCGAAAATCGTGCTTCAAGAAACGTACAACGGC,
28,26,RV-UML-m006,ML,5UTR,20220902,1,16,17.07,8.83,10.04,6.15,212.47410000000002,Yes,bad,Yes,First 100 mRNA,,,,UML,RV-UML-m006,AGGCCGAGTCATTATCATACTTGGTTCAATCTATTGAACGAAGTATTGCT,
29,27,RV-UML-m004,ML,5UTR,20220902,1,16,16.16,9.3,9.5,6.47,211.75300000000001,Yes,bad,Yes,First 100 mRNA,,,,UML,RV-UML-m004,AGGGACCAAGAGTTCGATACCTCATCGAACTGCGAGTCATAAGCAGGGCC,
30,28,RV-UML-m007,ML,5UTR,20220902,1,16,15.27,9.34,8.98,6.51,201.0816,Yes,,Yes,First 100 mRNA,best 9 from ML,Top3  5UTR,,UML,RV-UML-m007,AGGGATTTACCGAGAATCTAGTTACAGAACAACCTCTTCCTAAAAGGGCC,
31,33,RV-UML-m025,ML,5UTR,20220902,3,16,13.25,10.54,6.47,6.31,180.4807,Yes,,Yes,First 100 mRNA,best 9 from ML,,,UML,RV-UML-m025,AGGCGAAGTCTTCGACTACCACTACCCTCGCCGTCGCGGTCTTTGCTGTC,
32,37,RV-UML-m409,HL,3UTR,20220916,6,16,5.25,4.8,12.68,11.82,175.0776,Yes,bad,Yes,First 100 mRNA,,,,UML,RV-UML-m409,,ACAACCTCTGCTATTTAAGGAGACAACCCTATGTGACCAGAAGGCCTGCTGTAATCAGTGTGACTACTGTGGGTCAGCTTATATTCAGATAAGCTGTTTCATTTTTTATTATTTTCTATGTTAACTTTTAAAAATCAAAATGATGAAATCCCAAAACATTTTGAAATTAAAAATAAATTTCTTCTTCTGCTTTTTTCTTGGTAACCTTGAAAA
33,39,RV-UML-m408,HL,3UTR,20220916,6,16,5.53,4.34,13.36,10.7,166.9522,Yes,bad,Yes,First 100 mRNA,,,,UML,RV-UML-m408,,CCAGCACTGACCCCGACCTCAGAGAGTACTCGCAGGGGCGCTGGCTGCACTCAAGACCCTCGAGATTAACGGTGCTAACCCCGTCTGCTCCTCCCTCCCGCAGAGACTGGGGCCTGGACTGGACATGAGAGCCCCTTGGTGCCACAGAGGGCTGTGTCTTACTAGAAACAACGCAAACCT
34,49,RV-UML-m434,HL,3UTR,20220916,8,16,12.0,12.81,3.58,2.72,163.4576,Yes,,,First 100 mRNA,,,,UML,RV-UML-m434,,AAAATGGAGGGGAAAAAGGCCACAGCAATCTGTACTACAATCAACTTTATTTTGAAATCATGTAAAATAAGATATTAGACTGTTTTTTGAATAAAATATTTTTATTGATTGAA
35,50,RV-UML-m286,ML,5UTR,20220909,4,16,15.35,9.79,3.11,2.92,159.35769999999997,Yes,bad,,First 100 mRNA,,,,UML,RV-UML-m286,AGTGGAGAGCGCAATCCAGTTTCCTTAGCAAAGCATATCACCCTTCGGCT,
36,32,RV-UML-m091,ML,5UTR,20220902,9,16,11.2,7.42,9.29,6.55,143.9535,Yes,bad,Yes,First 100 mRNA,,,,UML,RV-UML-m091,AGAACGCGAGTTCCTTCTTCACTGGTACCTCACACCCAATAGCAATTCCA,
37,42,RV-UML-m192,PTR,Both,20220909,3,16,14.08,8.83,4.23,4.34,142.68460000000002,Yes,bad,Yes,First 100 mRNA,Best 10 from PTR,,,UML,RV-UML-m192,AGGTCTCCCCTCGCCGCATCCACTCTCCGGCCGGCCGCCTGCCCGCCGCCTCCTCCGTGCGCCCGCCAGCCTCGCCCGCGCCGTCACC,GGAGCTGAGTTCTTAAAGACTGAAGACAGGCTATTCTCTGGAGAAAAATAAAATGGAAATTGTACTTAA
38,105,RV-UML-m036,ML,5UTR,20220902,4,16,0.76,0.57,18.86,6.83,129.24699999999999,,bad,,,,,,UML,RV-UML-m036,AGATTCAATAGGGCTTTTGGATTCTTGGATTGGTGCTACAACATCACGGT,
39,35,RV-UML-m381,HL,3UTR,20220916,4,16,9.87,5.38,9.8,7.42,125.8166,Yes,,Yes,First 100 mRNA,,,,UML,RV-UML-m381,,TCACCCTCGGTGCTTCCTCTGTCTCCTCTTTCTCCCTGGCCTGTGGTTGTCCCCCAGCCTCTGCCACCCTCCACCTCCTCGGTCAGCCCCAGCCCCAGGTTGATAAATCTATTGATTGATTGTGATAGTA
40,38,RV-UML-m078,ML,5UTR,20220902,8,16,7.24,7.59,6.99,9.48,121.2168,Yes,,Yes,First 100 mRNA,best 9 from ML,,"3 repeated,FC<1 in 20221014",UML,RV-UML-m078,AGGTGGTCTTCTTGTTGCTACAGGAACCCACGGACTTATTCGATAGCGAC,
41,34,RV-UML-m051,ML,5UTR,20220902,5,16,14.7,5.31,8.43,4.68,117.50939999999999,Yes,,Yes,First 100 mRNA,best 9 from ML,,,UML,RV-UML-m051,AGGTCATCGGACAATACTTTAGTGGTGTTTTCAGCCCACTCTTCAAAGCA,
42,40,RV-UML-m417,HL,3UTR,20220916,7,16,11.96,6.4,7.39,4.88,112.6072,Yes,bad,Yes,First 100 mRNA,,,,UML,RV-UML-m417,,CAGCCAGGGGGCCAGAAGGACTGACACCACAGATGACAGCCCCACCTCCTTGAGCTTTATTTACCTAAATTTAAAGGTATTTCTTAACCCGA
43,43,RV-UML-m468,HL,3UTR,20220923,10,16,5.75,2.43,13.9,5.93,96.39949999999999,,,,First 100 mRNA,,,,UML,RV-UML-m468,,CTCAAAAAAGTGGTTTTGACCAGAGAGGCCCAGATGGAGGCTGTTCATTCCCTGCAGTGTCGGCATTGTAAATAAAGCCTGAGCACTTGCTGATGCGAGCCTTGA
44,46,RV-UML-m396,HL,3UTR,20220916,5,16,5.44,3.72,11.69,6.39,94.93589999999999,Yes,bad,Yes,First 100 mRNA,,,,UML,RV-UML-m396,,GGGCCCCTCGGCTGGCCTGGGCATGTGATGGCTCCTCACTGGGAGCCTGTGGGGGAGGCTCAGGTGTCTGGAGGGGGTTTGTGCCTGATAACGTAATAACACCAGTGGAGACTTGCA
45,131,RV-UML-m046,ML,5UTR,20220902,4,16,0.49,0.64,12.2,7.74,94.74159999999999,,bad,,,,,,UML,RV-UML-m046,AGGAGAGACTGCGAGGTGTAGTCTCGATTAGCTCACTACTCGGACTGACC,
46,31,RV-UML-m303,ML,5UTR,20220909,6,16,17.11,4.22,8.88,2.34,92.9834,Yes,bad,,First 100 mRNA,,,,UML,RV-UML-m303,AGGAAAATCCGGAAACCGGAAATTAACCGAGTGTCTTCAGCTCACTGAGC,
47,22,RV-UML-m017,ML,5UTR,20220902,2,16,4.27,16.23,1.45,15.4,91.6321,,,Yes,First 100 mRNA,best 9 from ML,,,UML,RV-UML-m017,AGAGAAAGAGTTTCGAGAAAGTTGCGATACACACCGACCTAATCCGTGTC,
48,129,RV-UML-m042,ML,5UTR,20220902,4,16,0.56,0.54,13.9,6.57,91.62540000000001,,bad,,,,,,UML,RV-UML-m042,AGTCCCGTAGTTTGGCCGCACTTCACCGAAAGGGACATCGCCGAGACACG,
49,70,RV-UML-m290,ML,5UTR,20220909,4,16,11.97,7.19,2.42,2.14,91.2431,Yes,bad,,First 100 mRNA,,,,UML,RV-UML-m290,AGGTTGCACTTTACCCTCCCTTCCCGTGGGAACGCATTGCGAAAATCGCA,
50,44,RV-UML-m048,ML,5UTR,20220902,5,16,10.84,5.36,6.21,4.72,87.4136,Yes,bad,Yes,First 100 mRNA,,,,UML,RV-UML-m048,AGATACGTCAACTGGGACTCGGATCCTTACAGAACCGAGTTATAATCTCA,
51,29,RV-UML-m185,PTR,Both,20220930,7,16,10.38,3.87,15.23,3.07,86.92670000000001,,,,First 100 mRNA,Best 10 from PTR,,,UML,RV-UML-m185,AGAGGCGCCTGAGAGGCTCTCTACCGGTGAGGGTTTGCGGGGAAG,GATGGGGGGCATGGCCCTGGCTGCCAGATGCCCACAGCA
52,47,RV-UML-m063,ML,5UTR,20220902,6,16,7.58,5.97,6.66,5.55,82.2156,,,Yes,First 100 mRNA,,,,UML,RV-UML-m063,AGTTGTTCGACGAGATCCTTTCTCTCGCGATTATATCGTTCCGCTTTGCA,
53,45,RV-UML-m076,ML,5UTR,20220923,3,16,7.4,3.81,9.72,4.29,69.89280000000001,Yes,,Yes,First 100 mRNA,best 9 from ML,,,UML,RV-UML-m076,AGTGCCGCATTGTCTTCTTGTGTTCGCTTGCCGCCGACGAACAACTGGAA,
54,66,RV-UML-m144,PTR,Both,20220909,3,16,10.08,5.97,3.03,2.93,69.0555,Yes,bad,,First 100 mRNA,Best 10 from PTR,,,UML,RV-UML-m144,AGACATTTGCTTCTGACACAACTGTGTTCACTAGCAACCTCAAACAGACACC,GGGCCAGCCCCACCCCCAGCCAGGCTATGGTTGCCACCCCAACCCAATAAAACTGATGTTACTAGCCTCTCAAGGCCCTTTAATCCTTT
55,51,RV-UML-m415,HL,3UTR,20220916,7,16,9.27,4.9,5.73,3.74,66.8532,Yes,,,First 100 mRNA,,,,UML,RV-UML-m415,,GGACCTCGACAGGGGTCACCCCCTCCCTCCCACCCCTGGACTGGGCTGGGGGTGGCCCCGTGGGGGTAGCTCACTCCCCCTCCTGCTGCTATGCCTGTGACCCCCGCGGCCCACACACTGGACTGACCTGCCCTGAGCGGGGATGCAGTGTTGCACTGATGACTTGACCAGCCCCTCCCCCAATAAACTCGCCTCTTGGAAA
56,53,RV-UML-m386,HL,3UTR,20220916,4,16,5.42,4.95,5.38,6.81,63.4668,Yes,,Yes,First 100 mRNA,,,,UML,RV-UML-m386,,ATACTCCCGGCCAGGGCCTGTCCCAGTTATGTGCCTTCCCTCAAGCCAAAGCCGAAGCCCCTTTCCTTAAGGCCCTGGTTTGTCCCGAAGGGGCCTAGTGTTCCCAGCACTGTGCCTGCTCTCAAGAGCACTTACTGCCTCGCAAATAATAAAAATTTCTAGCCAGTCA
57,52,RV-UML-m376,HL,3UTR,20220916,3,16,5.61,3.67,9.28,4.57,62.9983,Yes,,Yes,First 100 mRNA,,,,UML,RV-UML-m376,,CCTCGCCCCGGACCTGCCCTCCCGCCAGGTGCACCCACCTGCAATAAATGCAGCGAAGCCGGGA
58,55,RV-UML-m014,ML,5UTR,20220902,2,16,11.26,4.21,3.82,3.99,62.6464,Yes,bad,,First 100 mRNA,,,,UML,RV-UML-m014,AGGGTTTGAACATATTCGTTTACTTTCCAATCCCTAACTTAGTCCTTGCT,
59,54,RV-UML-m361,ML,5UTR,20220916,2,16,10.5,4.29,4.04,4.11,61.6494,Yes,bad,Yes,First 100 mRNA,,,,UML,RV-UML-m361,AGACCTATCCAGACCTTCTCGGCCTCACCATTGCCGTCGCACTCGTACTG,
60,56,RV-UML-m069,ML,5UTR,20220902,7,16,6.25,6.01,5.11,4.62,61.170700000000004,Yes,bad,Yes,First 100 mRNA,,,,UML,RV-UML-m069,AGATTGGCGCAAACCAGTTTCCCGAACGTTTGTCCAGAGAGGCAATACGG,
61,86,RV-UML-m280,ML,5UTR,20220909,4,16,9.76,5.91,1.98,1.76,61.1664,Yes,bad,,First 100 mRNA,,,,UML,RV-UML-m280,AGACGGTAGACAAGGAATCGAAAGACTGCTCCTCACTGCTTACGTTTACC,
62,65,RV-UML-m116,PTR,3UTR,20220930,1,16,9.38,5.44,3.52,2.79,60.848000000000006,,,,First 100 mRNA,,,,UML,RV-UML-m116,,GCTGGAGCCTCGGTGGCCATGCTTCTTGCCCCTTGGGCCTCCCCCCAGCCCCTCCTCCCCTTCCTGCACCCGTACCCCCGTGGTCTTTGAATAAAGTCTGAGTGGGCGGCA
63,63,RV-UML-m028,ML,5UTR,20220902,3,16,7.6,6.1,3.71,3.65,59.90149999999999,Yes,,,First 100 mRNA,,,,UML,RV-UML-m028,AGACCGGGTTTCTCTGCATAATCTTTATACTGGCAGATAAAGCCATTGCC,
64,59,RV-UML-m419,HL,3UTR,20220916,7,16,6.97,5.79,4.3,4.42,59.3623,Yes,bad,Yes,First 100 mRNA,,,,UML,RV-UML-m419,,CACATCGCCCGCCCGCCCGCCCGCCCGCCAGGCGCTGCCCTGCAGGTGCTCTCGTCCTCCCGTGCCAGCCCCCGCCCGCCCGTGTCCCAGAATGCACTGCTGAGGAGCATGCCCACCCCCACCCCCGCAGTGTGCAGATTAAAGCAAGTCAGATCATC
65,76,RV-UML-m162,PTR,Both,20220909,3,16,9.03,5.22,2.72,2.57,54.126999999999995,Yes,bad,,First 100 mRNA,,,,UML,RV-UML-m162,AGCTCTCCGCCAGACCGCCGCCGCGCCGCCATC,GGAGCTGAGTTCTTAAAGACTGAAGACAGGCTATTCTCTGGAGAAAAATAAAATGGAAATTGTACTTAA
66,77,RV-UML-m202,PTR,Both,20220909,3,16,9.05,5.01,2.72,2.46,52.0317,Yes,bad,,First 100 mRNA,,,,UML,RV-UML-m202,AGGGGCTCTCCGGCAGCGGATCTGCGCAGAAGCGTTCCGTGCGTGCAAGTGCTGCGAACCACGTGGGTCCCGGGCGCGTTTCGGGTGCTGGCGGCTGCAGCCGGAGTTCAAACCTAAGCAGCTGGAAGGAACC,GGAGCTGAGTTCTTAAAGACTGAAGACAGGCTATTCTCTGGAGAAAAATAAAATGGAAATTGTACTTAA
67,72,RV-UML-m324,ML,5UTR,20220909,8,16,11.23,4.12,3.04,1.69,51.4052,Yes,bad,,First 100 mRNA,,,,UML,RV-UML-m324,AGAGAATCTTGTGCTTATTGTGATCGAGCATTGCAGTGGCGTTGGCCATT,
68,57,RV-UML-m471,HL,3UTR,20220923,11,16,8.29,4.11,5.63,2.85,50.1174,,,,First 100 mRNA,,,,UML,RV-UML-m471,,AGGCTGGATCTTGGAGAATGTGAGAAGCCAGCCAGAGGCATCTGAGGGGGAGCCGGTAACTGTCCTGTCCTGCTCATTATGCCACTTCCTTTTAACTGCCAAGAAATTTTTTAAAATAAATATTTATAATAAAA
69,60,RV-UML-m389,HL,3UTR,20220916,4,16,6.19,3.34,6.14,4.6,48.9186,Yes,,Yes,First 100 mRNA,,,,UML,RV-UML-m389,,CCCCTCGTGTAGATGTGCTGCAGCCTTGGGCCCTCCCCGGCCCACGTCCTCCGTTGACACAGCTTCTCTGGAGACCCTAGAAGGCGGCATGTCCTGCCCTCAACCTGCCTGCCTGGATTGCACCTTTCTGCCCTTTCCCCCTCATTATTAAATGTTTCTTTTTGCCA
70,73,RV-UML-m026,ML,5UTR,20220902,3,16,6.19,6.05,3.02,3.62,48.3819,Yes,,,First 100 mRNA,,,,UML,RV-UML-m026,AGTTGATCTTCGTCCGTGCATCACACCGGTCTTGTCCCCTGAACAGGGTA,
71,71,RV-UML-m015,ML,5UTR,20220902,2,16,8.49,4.31,2.88,4.09,48.3711,Yes,,,First 100 mRNA,,,,UML,RV-UML-m015,AGATACACTCGAAACCTGTGTTAAGCATTACTTCTGCTGTAATCGGGGGC,
72,68,RV-UML-m068,ML,5UTR,20220902,7,16,5.83,5.0,4.76,3.85,47.476,Yes,bad,,First 100 mRNA,,,,UML,RV-UML-m068,AGGAGTGTTCTGCACCCCATCTCTTTTCCGGTTTGAGATTTAGCCTGACT,
73,74,RV-UML-m032,ML,5UTR,20220923,2,16,3.38,3.42,6.38,5.54,46.904799999999994,Yes,bad,,First 100 mRNA,,,,UML,RV-UML-m032,AGGGAGGTTTCAGTTCAGTATCTCCTATAACGAACTTCGAGAGGGGCTTC,
74,62,RV-UML-m388,HL,3UTR,20220916,4,16,6.09,3.23,6.04,4.45,46.5487,Yes,,Yes,First 100 mRNA,,,,UML,RV-UML-m388,,TTGGTAGAGCTGAGGAAGAGTTAGGGCCTCTCCCTCATTAAAGTTTTATAAATAA
75,82,RV-UML-m100,ML,5UTR,20220909,1,16,9.0,4.48,2.53,1.98,45.32940000000001,Yes,bad,,First 100 mRNA,,,,UML,RV-UML-m100,AGAGATTGTTGCATTGTCAGCACCACGCAATTGCAGCGCACCCGATCGCA,
76,69,RV-UML-m383,HL,3UTR,20220916,4,16,4.92,3.87,4.88,5.34,45.099599999999995,Yes,,Yes,First 100 mRNA,,,,UML,RV-UML-m383,,AGACCTGCGTATTGATGATTTTAGAGATTTCTCTTTTTTAAATGGAATTCGTAAAGAAATATAAAACTTCAGCTCACAATTAAAACTGTCTTTTTAGTTTTGGCTTTTTATTGTTTTGTTGGTGATTTTACTGAAATAAAGTTGAGCTACTTCTTCTTATAGTGGCATATTCTTTGTAAATTTTAACAAGGTTTAATCTTTTGATTTACAAATTAAAAAATTTTGAATTAGCTTTA
77,61,RV-UML-m005,ML,5UTR,20220902,1,16,8.51,3.72,5.01,2.59,44.6331,Yes,bad,,First 100 mRNA,,,,UML,RV-UML-m005,AGTGGACTTGTTATCTCGCATTTGCGCAATCCACTATACTGCGTTGGGCC,
78,75,RV-UML-m304,ML,5UTR,20220909,6,16,7.19,4.72,3.73,2.62,43.7094,Yes,bad,,First 100 mRNA,,,,UML,RV-UML-m304,AGTACATTCATCGCTCGCTACCCGTCTGTCGAGCACACATTCAGGACAAG,
79,87,RV-UML-m410,HL,3UTR,20220916,6,16,2.3,2.61,5.56,6.43,41.7538,,,,First 100 mRNA,,,,UML,RV-UML-m410,,GATTGAATTAGATTGTGTTGTTGTGGTTTTATTTCTGAAAGTAAAACTTGCCATAAATTAGAAAACAATTTCCCAAAATAAAATCCTTTTTTGTATGATGGTATACAGTTTTCAGTAATGATGTATACATTGTATTGATTTTTTTCCCTAAATGTGTTATTTTAATAAATATCTCATGAATGA
80,88,RV-UML-m276,ML,5UTR,20220909,3,16,7.52,4.72,2.26,2.32,40.7376,Yes,bad,,First 100 mRNA,,,,UML,RV-UML-m276,AGGCTGCAACGTATCGAGTCAAATATATCGGTTGCAGTAGTACCGTGGCC,
81,67,RV-UML-m095,ML,5UTR,20220902,9,16,6.63,3.5,5.5,3.09,40.199999999999996,Yes,bad,,First 100 mRNA,,,,UML,RV-UML-m095,AGAAGATCCCGTTGTTCATTTCTAGTGACGTGTTTGGCTTCTGCGGGGTA,
82,64,RV-UML-m071,ML,5UTR,20220902,7,16,6.87,3.55,5.62,2.74,39.7873,Yes,bad,,First 100 mRNA,,,,UML,RV-UML-m071,AGGAAACCTTCCTCCACAAATCGACACACCGAAACAAAATCGCGGACACG,
83,58,RV-UML-m090,ML,5UTR,20220902,9,16,7.77,2.95,6.44,2.61,39.7299,Yes,bad,,First 100 mRNA,,,,UML,RV-UML-m090,AGCGAGACCTATCGAAGGGTTTATCCAGTTTCCTAGTGGTCAAGTCGCAA,
84,132,RV-UML-m349,ML,5UTR,20220916,1,16,5.3,7.18,0.82,0.87,38.767399999999995,,bad,,,,,,UML,RV-UML-m349,AGACTGAGTAGCGTTGTCGATTGCTGTTTTCATAACCGTACCGAGCCTGC,
85,108,RV-UML-m279,ML,5UTR,20220909,4,16,7.57,4.51,1.53,1.34,36.1909,,,,,,,,UML,RV-UML-m279,AGTCGAGGGGCTTATTCTGCGTTTCTGCACGAGCGAATTCTGACGGATCA,
86,89,RV-UML-m119,PTR,3UTR,20220930,1,16,7.03,4.26,2.64,2.19,35.7294,,,,First 100 mRNA,,,,UML,RV-UML-m119,,AGTTAAAACGTCACAAAGGTGCTGCTTTTACAGGGAAGCTTATTCTGTTTT
87,138,RV-UML-m348,ML,5UTR,20220916,1,16,5.91,5.8,0.91,0.7,34.915,,bad,,,,,,UML,RV-UML-m348,AGCCTTCGCACAATACTCGCGCGTCCTAAGCAAAATCGGAACAAGTACTG,
88,80,RV-UML-m305,ML,5UTR,20220909,6,16,7.23,3.73,3.75,2.07,34.7304,,,,First 100 mRNA,,,,UML,RV-UML-m305,AGCTGCCCAAATTCTCGTTATTTCTTCACCTTCCAGAACCTCCCGATCCA,
89,93,RV-UML-m294,ML,5UTR,20220909,5,16,7.17,4.08,2.5,1.98,34.2036,,,,First 100 mRNA,,,,UML,RV-UML-m294,AGCATCGTTTCTGCATTAAGAGAAAACTTTGTCTGCAAGGACAGCCGGGG,
90,94,RV-UML-m319,ML,5UTR,20220909,7,16,6.72,4.16,2.4,2.37,33.6432,,,,First 100 mRNA,,,,UML,RV-UML-m319,AGAGAACCCAGTACCCAATTCCACGCGAACGTAGACGAGAAGGAGGTGCG,
91,91,RV-UML-m467,HL,3UTR,20220923,10,16,2.88,1.66,6.95,4.05,32.9283,,,,First 100 mRNA,,,,UML,RV-UML-m467,,GACGCAGGCCAGCCCCGGCCCCTAGCCCTCAGGCCTTCTTTCTTATCCAAATAAATGTTTCTTAATGAGGAA
92,97,RV-UML-m466,HL,3UTR,20220923,10,16,2.39,1.97,5.77,4.81,32.461999999999996,,,,First 100 mRNA,,,,UML,RV-UML-m466,,AAAGGATGATTCTTCTTTGGCCATCATTTGGTACAGTCTCATTTCCAAGTCATGTATAATCTTTATGGCTTCCAAGGACAAGAATTAAAATACTCTTTTACGTAAAATGAGTAATAATCTTTTTTCTGACTGTC
93,81,RV-UML-m013,ML,5UTR,20220902,1,16,6.63,3.43,3.9,2.39,32.0619,Yes,,,First 100 mRNA,,,,UML,RV-UML-m013,AGGAGAGGATCCATATCAATCGAGTTCGTAGAATTCCCGTGAAAGATAAC,
94,83,RV-UML-m374,ML,5UTR,20220916,3,16,3.29,3.18,5.45,3.96,32.044200000000004,,,,First 100 mRNA,,,,UML,RV-UML-m374,AGATTCGGAGGAAACGAGAATTCCAAAGCATCCTTACCTCTCGTAGGGCT,
95,84,RV-UML-m047,ML,5UTR,20220902,5,16,5.52,3.84,3.16,3.38,31.877599999999994,Yes,bad,,First 100 mRNA,,,,UML,RV-UML-m047,AGCCAATTTCGACGGAATCGAGCGTTGGAGTTCACCTCCAATACGTCATC,
96,85,RV-UML-m052,ML,5UTR,20220902,5,16,5.67,3.67,3.25,3.24,31.3389,Yes,,,First 100 mRNA,,,,UML,RV-UML-m052,AGAGTGGATCGCACCCAAACCTAGCCTCACACACCGGGTCTACCACCGGA,
97,90,RV-UML-m371,ML,5UTR,20220916,3,16,2.89,3.3,4.78,4.11,29.1828,,,Yes,First 100 mRNA,,,,UML,RV-UML-m371,AGGAAATCCTACCGCAACGCAGAGCGTAGATAACTAGTCTCTTCGAAGTC,
98,120,RV-UML-m281,ML,5UTR,20220909,4,16,6.67,3.95,1.35,1.18,27.939500000000002,,bad,,,,,,UML,RV-UML-m281,AGGAAATTCAGGAAGAATTTTCCTCCTCTACAGAACTCGTCTGGTCCGTC,
99,79,RV-UML-m336,ML,5UTR,20220909,9,16,9.07,2.58,3.52,1.23,27.7302,,,,First 100 mRNA,,,,UML,RV-UML-m336,AGTCACTTGGCGGAATTCGTCGAAGGTGTATTGCGGTTCATCACAAAGCA,
100,78,RV-UML-m362,ML,5UTR,20220916,2,16,9.05,2.21,3.49,2.12,27.399300000000004,Yes,bad,,First 100 mRNA,,,,UML,RV-UML-m362,AGAATACCGCAGGTTAAAGCTGTGGTGGAGCCGACAGTCATCACCGCCGG,
101,92,RV-UML-m087,ML,5UTR,20220902,8,16,3.56,3.34,3.43,4.17,26.1935,,,,First 100 mRNA,,,,UML,RV-UML-m087,AGCACATATCGGACTGATCTGCATCTTCACACATCTGCCGAGGCGAGGTG,
102,109,RV-UML-m411,HL,3UTR,20220916,6,16,1.91,1.89,4.61,4.65,25.046400000000002,,,,,,,,UML,RV-UML-m411,,AGCCCCACAGTGGAATTGGCAAACCCACTGCAGCCCCTGAGAGGAGGTCGAATGGGTAAAGGAGCATTTTTTTATTCAGCAGACTTTCTCTGTGTATGAGTGTGAATGATCAAGTCCTTTGTGAATATTTTCAACTATGTAGGTAAATTCTTAATGTTCACATAGTGAAATAAATTCTGATTCTTCTAAATTAAA
103,96,RV-UML-m378,HL,3UTR,20220916,3,16,2.91,2.77,4.81,3.45,24.6552,,,,First 100 mRNA,,,,UML,RV-UML-m378,,GGCCGGGGCCCTCCCTCCTGCACTGGCCTTGGACGGTATTGCCTGTCAGTGAAATAAATAAAGTCCTGACCCCAGTGCACAGACATAGAGGCACAGATTGCAGTCAGA
104,95,RV-UML-m385,HL,3UTR,20220916,4,16,2.86,3.58,2.84,4.93,24.24,,,,First 100 mRNA,,,,UML,RV-UML-m385,,GTCTGCTGGGATGGGCCCTCCAAGCCCAAGCCTCCTGCTCCGGGGGCAGACCAGACTCTGACTCTCCTCTTGGGGCTGCTGCCATTAAAACGCTACTACTAAGA
105,100,RV-UML-m027,ML,5UTR,20220902,3,16,4.83,3.87,2.36,2.32,24.167299999999997,Yes,,,First 100 mRNA,,,,UML,RV-UML-m027,AGGACCTTCATCCAAGTGACCTCAGGTGTATTGCGTAACAACGTTCGACC,
106,98,RV-UML-m382,HL,3UTR,20220916,4,16,3.74,2.55,3.72,3.51,22.5942,,,,First 100 mRNA,,,,UML,RV-UML-m382,,GCTGGAGATTGGATCACAGCCGAAGGAGTAAAGGTGCTGCAATGATGTTAGCTGTGGCCACTGTGGATTTTTCGCAAGAACATTAATAAACTAAAAACTTCA
107,99,RV-UML-m426,HL,3UTR,20220916,7,16,4.35,3.53,2.68,2.7,22.591499999999996,Yes,bad,,First 100 mRNA,,,,UML,RV-UML-m426,,AATCAATCATAAAGTGCACACCTTTATTCAGAACTTTAGTATTAAATCAGTTCTCAATTTCATTTTTTATGTATTGTTTTACTCCTTTTTATTCATACGTAAAATTTTGGATTAATTTGTGAAAATGTAATTATAAGCTGAGACCGGTGGCTCTCTTCTTAAAAGCACCATATTAAATCCTGGAAAACTAA
108,103,RV-UML-m399,HL,3UTR,20220916,5,16,2.19,2.19,4.71,3.77,22.552799999999998,,,,,,,,UML,RV-UML-m399,,GCATCCAGGAGGCTGCGCGGCCCCGGCTCCTCAGCTCCCTCAGTGTGCCCCGTGGTGTCACCGGGACTCCAGGCACCCGCTCCCCTGCGACCATGCCAGGCACGCTGGGAGGAGGACGGCAGCTGCTCGTGTCCTGCCCCTGCCACATCAGTGACTGCTTTATTCTTTTCCAATAAAGAAGTGCACGTGTCAGAGCTGGAGCGCCTGCATTGTGAGAAACCA
109,101,RV-UML-m442,HL,3UTR,20220916,9,16,3.75,4.03,2.75,2.27,21.355,,,,,,,,UML,RV-UML-m442,,GAGCTTGAAGATATACTGTTGGCCCAGGACCAAGGGGTGAATCAATAAAATTAGTTTGTAGCAGAA
110,119,RV-UML-m099,ML,5UTR,20220909,1,16,5.71,3.32,1.6,1.47,21.3092,,bad,,,,,,UML,RV-UML-m099,AGCAATTCCGCGAAATCACTTACCTTCTTACTTGGTCATTGCCAGAACCA,
111,110,RV-UML-m462,HL,3UTR,20220923,10,16,2.36,1.29,5.71,3.14,20.9738,,,,,,,,UML,RV-UML-m462,,GTGCAGGGCCCTCGTCCGGGTGTGCCCCAAATAAACTCAGGAACGCCCCGGTGCTC
112,111,RV-UML-m033,ML,5UTR,20220902,3,16,3.97,3.98,1.94,2.38,20.4178,,,,,,,,UML,RV-UML-m033,AGGAGTCATTTCGTTCGACACCTTTTACGCCTCCACACCAGTAGTGGATC,
113,114,RV-UML-m470,HL,3UTR,20220923,10,16,2.1,1.36,5.08,3.3,19.62,,,,,,,,UML,RV-UML-m470,,AAAAGAGGACACATGGAATCTGGAGGCCATTTAGATGATTAGTTAATTTGTTTTTCACCATTTAGCAAAAATGTATACTACCTTAAATGTCTTAAGAAATAGTACTCATAATGAGTTTGAGCTACTTAATAAAATACATTTAAGTGGTATGTAA
114,102,RV-UML-m079,ML,5UTR,20220902,8,16,2.79,2.99,2.69,3.74,18.402700000000003,,bad,,,,,,UML,RV-UML-m079,AGGTCCAGAAATCAACGAGATATCACTAGGAACTACTACCATCCGCGAGG,
115,104,RV-UML-m059,ML,5UTR,20220902,6,16,3.4,2.97,2.99,2.75,18.320500000000003,,bad,,,,,,UML,RV-UML-m059,AGAAGCGTGATCTGATTGTGGGGATTTCAGTCGAGACATTCCTTTCCGCT,
116,107,RV-UML-m060,ML,5UTR,20220902,6,16,3.5,2.72,3.07,2.53,17.287100000000002,,bad,,,,,,UML,RV-UML-m060,AGTGCCCTATACAGCTTTTGCATAGAATACGAGTGACGAACGCGCAACGG,
117,112,RV-UML-m373,ML,5UTR,20220916,3,16,2.14,2.6,3.54,3.24,17.033600000000003,Yes,,,,,,,UML,RV-UML-m373,AGTTAGAACGTTATCTGGTTCGAAGAGTTGATAGACGCAGAATCAGGGCC,
118,116,RV-UML-m401,HL,3UTR,20220916,5,16,2.13,1.71,4.57,2.93,17.032400000000003,,,,,,,,UML,RV-UML-m401,,GCCGCGCCGTCCGCCGCGCCCGAGCTGCCTTCGCGTGCCCCCGCCCTGTGTTTTATAAAAAGAAAGATTCTCGG
119,115,RV-UML-m438,HL,3UTR,20220916,9,16,3.42,3.41,2.5,1.92,16.4622,,bad,,,,,,UML,RV-UML-m438,,AGGGAGAAGGCAGAGAAAACACACGCTCCTCTGCCCTTCCTTTCCCTGGGGTACTACTCTCCAGCTTGGGAGGAAGCCCAGTAGCCATTTTGTAACTGCCTACCAGTCGCCCTCTGTGCCTAATAAAGTCTCTTTTTCTCACAGAG
120,117,RV-UML-m311,ML,5UTR,20220909,6,16,4.26,2.99,2.21,1.66,16.406,,,,,,,,UML,RV-UML-m311,AGAGAGCCTACAAGTCTTTACTATCAGCTGATTCGATCACTCGTCCCGCC,
121,124,RV-UML-m317,ML,5UTR,20220909,7,16,4.73,2.88,1.69,1.64,16.394000000000002,,,,,,,,UML,RV-UML-m317,AGCATAGTTAGAGCTTCTTCTCATCTGTTATCGCGATCGTACCTCCCGCT,
122,125,RV-UML-m327,ML,5UTR,20220909,8,16,6.17,2.39,1.67,0.98,16.3829,,bad,,,,,,UML,RV-UML-m327,AGCTTGGAAAACAGCGCTCACAGAATTCTTAGACACTGCACGTCCCGCCC,
123,126,RV-UML-m414,HL,3UTR,20220916,6,16,1.71,1.37,4.13,3.37,16.2608,,,,,,,,UML,RV-UML-m414,,TGCTCCACCTGCCAGCCCCCGGATTCCCACACATGCAGACATGTACACACGTGCACGTACACACATGCATGCTCGCTAAGCGGAAGGAAGTTGTAGATTGCTTCCTTCATGTCACTTTCTTTTTAGATATTGTACAGCCAGTTTCTCAGAATAAAAGTTTGGTTTGTA
124,128,RV-UML-m413,HL,3UTR,20220916,6,16,1.51,1.54,3.65,3.8,16.1954,,,,,,,,UML,RV-UML-m413,,TGGTTACCCCGGGCTGGGCCCCTCCAGGAGTCACAGATGAGGCCCCCGCAGAGACTGTGCTTGGGAGCCTGTGGCCAGCAGCCCCCACTGCACCCCTGCCCCCAGGTGACACGCTTCTGAGCAGGGGCCCCTGGGGACTTCAACTGCCCAGCAACATGGAGGATGGTGTCCTGAGGCCTCCAAGGACGGTCCCCACCCCTCTACGTTTCCCCAATAAAGCCTTTTAAAAACC
125,118,RV-UML-m458,HL,3UTR,20220923,9,16,4.42,2.79,2.08,1.8,16.0758,,,,,,,,UML,RV-UML-m458,,TCAGGGTGTCTCCTTGTGCTTCTGAGATGTGGAGAAGAGGCTGCTGGCTTCCCTAAAAGTTGAAATAAAAGATTTTTGCCTTTG
126,113,RV-UML-m372,ML,5UTR,20220916,3,16,2.35,2.23,3.89,2.77,16.0158,,,,,,,,UML,RV-UML-m372,AGATAATCCACACCTCGAGAGACGTTTGCGAGATTACTAACCAAGGGGCC,
127,143,RV-UML-m109,PTR,5UTR,20220909,2,16,5.87,2.52,1.13,0.95,15.8659,,bad,,,,,,UML,RV-UML-m109,AGAAGATGAAGCCTGAACTGATTATAAAACCTTCCTTGGCTCAGTGCCCTTCACCACTGCTGGCTTTTTGCTGTAGCTCCACATTCCTGTGCATTGAGGGGTTAACATTAGGCTGGGAAG,
128,106,RV-UML-m088,ML,5UTR,20220902,8,16,2.13,3.3,2.05,4.13,15.4955,,bad,,,,,,UML,RV-UML-m088,AGAAGAAATTCAAGCTCCTACGTGCTGATATAAGTTGGGAAGCGATCCCA,
129,121,RV-UML-m008,ML,5UTR,20220902,1,16,3.27,3.25,1.92,2.26,14.9667,,,,,,,,UML,RV-UML-m008,AGGGAATACAACCTTATTCTCCGATTGCAAAGCGTAGTGTAATTAGCGTA,
130,136,RV-UML-m101,PTR,5UTR,20220909,1,16,4.91,2.53,1.38,1.12,13.9679,,bad,,,,,,UML,RV-UML-m101,AGACTCTTCTGGTCCCCACAGACTCAGAGAGAACCCACC,
131,123,RV-UML-m012,ML,5UTR,20220902,1,16,3.78,2.55,2.22,1.78,13.5906,Yes,bad,,,,,,UML,RV-UML-m012,AGAGGTATACTGCACCTCAGAGTACAATCCACCTCTCGAGTATCGGGGCC,
132,133,RV-UML-m011,ML,5UTR,20220930,1,16,4.06,2.8,1.53,1.44,13.571199999999997,,bad,,,,,,UML,RV-UML-m011,AGCAGAGGATAAATTTGGAGAGATTCCGTATTCTGCATCACCAAATTGTA,
133,155,RV-UML-m283,ML,5UTR,20220909,4,16,4.1,3.09,0.83,0.92,13.432599999999999,,bad,,,,,,UML,RV-UML-m283,AGCCGCAGCAAGAGAGCGAGTGATTACAGAGCGATCTTTGTGCAAAAGCT,
134,122,RV-UML-m058,ML,5UTR,20220902,6,16,2.77,2.65,2.43,2.46,13.3183,,bad,,,,,,UML,RV-UML-m058,AGTATAAAGGTATATCAGGGAAACGTCTGTCGTGCTCACACGGAGAGCCC,
135,156,RV-UML-m289,ML,5UTR,20220909,4,16,4.46,2.73,0.9,0.81,12.904800000000002,,bad,,,,,,UML,RV-UML-m289,AGCGATCCGTGATTTCTGCGTTCCAGTAGATTTCAGATAGGCCTTTCGAT,
136,130,RV-UML-m400,HL,3UTR,20220916,5,16,1.85,1.49,3.97,2.55,12.879999999999999,,,,,,,,UML,RV-UML-m400,,GATGTGGATGTTGCTTTTGCACCTACGGGGGCATCTGAGTCCAGCTCCCCCCAAGATGAGCTGCAGCCCCCCAGAGAGAGCTCTGCACGTCACCAAGTAACCAGGCCCCAGCCTCCAGGCCCCCAACTCCGCCCAGCCTCTCCCCGCTCTGGATCCTGCACTCTAACACTCGACTCTGCTGCTCATGGGAAGAACAGAATTGCTCCTGCATGCAACTAATTCAATAAAACTGTCTTGTGAGCTGA
137,135,RV-UML-m117,PTR,3UTR,20220930,1,16,4.16,2.52,1.56,1.29,12.4956,,bad,,,,,,UML,RV-UML-m117,,GCTCGCTTTCTTGCTGTCCAATTTCTATTAAAGGTTCCTTTGTTCCCTAAGTCCAACTACTAAACTGGGGGATATTATGAAGGGCCTTGAGCATCTGGATTCTGCCTAATAAAAAACATTTATTTTCATTGCAA
138,161,RV-UML-m288,ML,5UTR,20220909,4,16,3.69,3.18,0.75,0.95,12.446700000000002,,bad,,,,,,UML,RV-UML-m288,AGCTTAAGTGTTTCCGCTATTCTTGTTGTCTGCTTTACTTGACGGGCGAC,
139,145,RV-UML-m293,ML,5UTR,20220909,5,16,4.04,2.61,1.41,1.26,12.321,,bad,,,,,,UML,RV-UML-m293,AGCTTGAATTCCGTTTTACCGAAAATCTTGGTCAAACGACGGCCGGCTTA,
140,147,RV-UML-m463,HL,3UTR,20220923,10,16,1.35,1.29,3.26,3.15,12.010499999999999,,,,,,,,UML,RV-UML-m463,,GGCTGGCCCAGAGCTGTCAGGACCATGAAGCCAGGACAGAGGCCAGGAGCCAGCCCTGCAGCCCTCCCCACCCGGCATCCACCTGCATCCCCTCTGGGGGCAGGAGCCCACCCCCAGCACCCCCATCTGTTAATAAATATCTCAACTCCAGGGTGTTCCACCTGA
141,178,RV-UML-m351,ML,5UTR,20220916,1,16,3.74,3.14,0.58,0.38,11.964,,bad,,,,,,UML,RV-UML-m351,AGGCGCCTCTACTACTACCCTCGAACGAGGCCGATACTGACGAGAACCCG,
142,142,RV-UML-m326,ML,5UTR,20220909,8,16,5.22,2.02,1.41,0.83,11.714699999999999,,bad,,,,,,UML,RV-UML-m326,AGTGCCAAGGTATACGGGAAGAAAGTGTGTTCAACATACGCGTGGCGAGG,
143,127,RV-UML-m126,PTR,Both,20220930,2,16,2.45,2.52,2.14,2.5,11.524000000000001,,bad,,,,,,UML,RV-UML-m126,AGACTCTTCTGGTCCCCACAGACTCAGAGAGAACCCACC,GCTGGAGCCTCGGTGGCCATGCTTCTTGCCCCTTGGGCCTCCCCCCAGCCCCTCCTCCCCTTCCTGCACCCGTACCCCCGTGGTCTTTGAATAAAGTCTGAGTGGGCGGCA
144,152,RV-UML-m330,ML,5UTR,20220909,8,16,4.06,2.54,1.1,1.04,11.456399999999999,,bad,,,,,,UML,RV-UML-m330,AGGACGAGTATACGACCTCAGTCTAGTCCAAGGGTACTTCGATAATTGCC,
145,141,RV-UML-m120,PTR,3UTR,20220930,1,16,4.14,2.32,1.55,1.19,11.4493,,bad,,,,,,UML,RV-UML-m120,,GCTGGAGCCTCGGTAGCCGTTCCTCCTGCCCGCTGGGCCTCCCAACGGGCCCTCCTCCCCTCCTTGCACCGGCCCTTCCTGGTCTTTGAATAAAGTCTGAGTGGGCAGCA
146,140,RV-UML-m315,ML,5UTR,20220909,7,16,4.21,2.24,1.51,1.27,11.3481,,,,,,,,UML,RV-UML-m315,AGGATCACAGAAAAGGATTCCCAAGCGAATAGCCTTCCCGCGAAGACACA,
147,167,RV-UML-m285,ML,5UTR,20220909,4,16,3.65,2.91,0.74,0.87,11.265300000000002,,bad,,,,,,UML,RV-UML-m285,AGGGATTCAAACTACGCCTTCAATCTCTCGATTTACGTGTGAGGGGATCG,
148,144,RV-UML-m030,ML,5UTR,20220902,3,16,2.76,2.97,1.35,1.78,10.600200000000001,,,,,,,,UML,RV-UML-m030,AGAGGGTTTAAGCCGCAGCCCTGGAGATCACCCCACTTCCCCAGCGCATC,
149,134,RV-UML-m360,ML,5UTR,20220916,2,16,4.25,1.72,1.64,1.65,10.015999999999998,,bad,,,,,,UML,RV-UML-m360,AGTGTATTTTGGTTAGCTCCAATCTGGATCTTGACACGCCATACCTTCGC,
150,150,RV-UML-m334,ML,5UTR,20220909,9,16,2.8,3.0,1.08,1.43,9.944399999999998,,bad,,,,,,UML,RV-UML-m334,AGTGGAGTACCTATTTAAGGGAGAGTGTTAGATCCCGACTAACGTTCGCT,
151,137,RV-UML-m134,PTR,Both,20220930,2,16,2.29,2.21,2.0,2.2,9.4609,,bad,,,,,,UML,RV-UML-m134,AGACTCTTCTGGTCCCCACAGACTCAGAGAGAACCCACC,GGGCCAGCCCCACCCCCAGCCAGGCTATGGTTGCCACCCCAACCCAATAAAACTGATGTTACTAGCCTCTCAAGGCCCTTTAATCCTTT
152,139,RV-UML-m444,HL,3UTR,20220916,9,16,2.98,2.18,2.19,1.23,9.190100000000001,,,,,,,,UML,RV-UML-m444,,TCACCAAAAAGCAACCAACTTAGCCAGTTTTATTTGCAAAACAAGGAAATAAAGGCTTACTTCTTTAAAAAGTC
153,170,RV-UML-m164,PTR,Both,20220930,5,16,3.42,2.52,0.71,0.72,9.1296,,bad,,,,,,UML,RV-UML-m164,AGCTCTCCGCCAGACCGCCGCCGCGCCGCCATC,GGGCCAGCCCCACCCCCAGCCAGGCTATGGTTGCCACCCCAACCCAATAAAACTGATGTTACTAGCCTCTCAAGGCCCTTTAATCCTTT
154,146,RV-UML-m127,PTR,Both,20220930,2,16,2.33,2.04,2.03,2.03,8.874099999999999,,bad,,,,,,UML,RV-UML-m127,AGACTCTTCTGGTCCCCACAGACTCAGAGAGAACCCACC,GCTCGCTTTCTTGCTGTCCAATTTCTATTAAAGGTTCCTTTGTTCCCTAAGTCCAACTACTAAACTGGGGGATATTATGAAGGGCCTTGAGCATCTGGATTCTGCCTAATAAAAAACATTTATTTTCATTGCAA
155,164,RV-UML-m262,PTR,Both,20220909,3,16,2.88,2.51,0.87,1.24,8.307599999999999,,bad,,,,,,UML,RV-UML-m262,AGCGTTTTGCAGACGCCACCGCCGAGGAAAACCGTGTACTATTAGCC,GGAGCTGAGTTCTTAAAGACTGAAGACAGGCTATTCTCTGGAGAAAAATAAAATGGAAATTGTACTTAA
156,149,RV-UML-m363,ML,5UTR,20220916,2,16,3.87,1.55,1.49,1.49,8.2186,,bad,,,,,,UML,RV-UML-m363,AGTTGCAGTCGCTCATCAGGTCTGTCTCTGCTGGACACGATCATCCCGTC,
157,148,RV-UML-m089,ML,5UTR,20220902,8,16,2.17,1.71,2.09,2.13,8.1624,,bad,,,,,,UML,RV-UML-m089,AGAATTCTTCGCAAGAGCTGGCGTACAATCCCCAGCATCCAGCGCAAGAT,
158,151,RV-UML-m335,ML,5UTR,20220909,9,16,3.83,1.74,1.48,0.83,7.8926,,bad,,,,,,UML,RV-UML-m335,AGGGGATTGGATCAGAGTATTGAGTACGACGACCTCCGACCATTGATCTC,
159,169,RV-UML-m325,ML,5UTR,20220909,8,16,3.25,1.95,0.88,0.8,7.041499999999999,,bad,,,,,,UML,RV-UML-m325,AGGATCTATCGGAACGTTGTACATTGTATTCGCAGCACCTAGAAACCGTC,
160,154,RV-UML-m054,ML,5UTR,20220902,5,16,2.71,1.6,1.56,1.41,6.5356000000000005,,bad,,,,,,UML,RV-UML-m054,AGGACCCCACCCTTCGATTTTGTGGGAAACCATATCAGATATTCACTGCC,
161,168,RV-UML-m337,ML,5UTR,20220909,9,16,3.02,1.82,1.17,0.87,6.5143,,bad,,,,,,UML,RV-UML-m337,AGTTATACACAGATTGCCCGTCCTCTACACAGAGCTTTCTGTCATTCACG,
162,180,RV-UML-m160,PTR,Both,20220930,5,16,3.21,1.89,0.67,0.54,6.428699999999999,,bad,,,,,,UML,RV-UML-m160,AGCTCTCCGCCAGACCGCCGCCGCGCCGCCATC,GCTGGAGCCTCGGTAGCCGTTCCTCCTGCCCGCTGGGCCTCCCAACGGGCCCTCCTCCCCTCCTTGCACCGGCCCTTCCTGGTCTTTGAATAAAGTCTGAGTGGGCAGCA
163,162,RV-UML-m365,ML,5UTR,20220916,2,16,2.75,1.7,1.06,1.63,6.4028,,bad,,,,,,UML,RV-UML-m365,AGATATCCTGAAGAGTTCGTTACTTTGTGGTATACACTGCTGCGAGGGCC,
164,179,RV-UML-m435,HL,3UTR,20220916,8,16,2.88,2.03,0.86,0.43,6.216199999999999,,bad,,,,,,UML,RV-UML-m435,,GCACTCCCAGCCCGGGGCCTGCTGCCTCCAGCAGCCACTTCAGAGCCCCCGCCTTTGCCTGCACTCCTCTTGCAGGGCTGGCCCTGCCTGCTCCTGCGGCAGCCTCTGGTGACGTGCTGTCCACCAGGCCTTGGAGACAGGCTAGCCTGGCCACAGAATTAAACGTGTTGCCACACC
165,153,RV-UML-m066,ML,5UTR,20220902,6,16,1.52,2.23,1.34,2.08,6.1768,,bad,,,,,,UML,RV-UML-m066,AGCGTGCTACGCATAGCGAATAAACAGCCACCATCGAAAACCCGTACGCT,
166,177,RV-UML-m111,PTR,5UTR,20220909,2,16,3.53,1.63,0.68,0.62,6.175499999999999,,bad,,,,,,UML,RV-UML-m111,AGGCCGCGGCGGGCGGCGGGCGCGGCGCGGCGCGGCGCCATCTTGCAGCCGGCGGCGCGGATTGA,
167,157,RV-UML-m131,PTR,Both,20220930,2,16,1.74,1.9,1.52,1.88,6.1636,,bad,,,,,,UML,RV-UML-m131,AGACTCTTCTGGTCCCCACAGACTCAGAGAGAACCCACC,GTAGCTCTCTGAAGGCTTTTTACCCAGCAATGTCCTCAATGAGGGTCTTTTCTTTCCCTCACCAAAACCCAGCCTTGCCCGTGGGGAGTAAGAGTTAATAAACACACTCACGAAAAGTTCT
168,158,RV-UML-m132,PTR,Both,20220930,2,16,2.0,1.64,1.75,1.62,6.115,,bad,,,,,,UML,RV-UML-m132,AGACTCTTCTGGTCCCCACAGACTCAGAGAGAACCCACC,GGAGCTGAGTTCTTAAAGACTGAAGACAGGCTATTCTCTGGAGAAAAATAAAATGGAAATTGTACTTAA
169,166,RV-UML-m364,ML,5UTR,20220916,2,16,2.87,1.52,1.1,1.46,5.9684,,bad,,,,,,UML,RV-UML-m364,AGGTTGGCGGAAGTGCTCCCGCGTCTACACTCTCAAGTCGTCACCGTAAG,
170,160,RV-UML-m366,ML,5UTR,20220916,2,16,3.34,1.28,1.29,1.23,5.8619,,bad,,,,,,UML,RV-UML-m366,AGGGAGAGAAGGAGTTTGGACGAGCTAATAAATCCCGTATCCTAGATACC,
171,159,RV-UML-m130,PTR,Both,20220930,2,16,1.61,1.91,1.41,1.9,5.754099999999999,,bad,,,,,,UML,RV-UML-m130,AGACTCTTCTGGTCCCCACAGACTCAGAGAGAACCCACC,GCTGGAGCCTCGGTAGCCGTTCCTCCTGCCCGCTGGGCCTCCCAACGGGCCCTCCTCCCCTCCTTGCACCGGCCCTTCCTGGTCTTTGAATAAAGTCTGAGTGGGCAGCA
172,163,RV-UML-m380,HL,3UTR,20220916,3,16,1.07,1.74,1.78,2.16,5.7066,,,,,,,,UML,RV-UML-m380,,CCATCCGCCATTCCGACTGCTAAAAGCGAATGTAGTCAGGCCCCTTTCATGCTGTGAGACCTCCTGGAACACTGGCATCTCTGAGCCTCCAGAAGGGGTTCTGGGCCTAGTTGTCCTCCCTCTGGAGCCCCGTCCTGTGGTCTGCCTCAGTTTCCCCTCCTAATACATATGGCTGTTTTCCACCTCGATAATATAACACGAGTTTGGGCCCGAA
173,172,RV-UML-m297,ML,5UTR,20220909,5,16,2.39,2.02,0.83,0.98,5.6411999999999995,,bad,,,,,,UML,RV-UML-m297,AGGGGCGGAATCATACTGTTCGTAGGGGAGTACACCAGTATTCGAAAATA,
174,171,RV-UML-m292,ML,5UTR,20220909,5,16,2.84,1.69,0.99,0.82,5.6114,,bad,,,,,,UML,RV-UML-m292,AGATTGGTTTGGCTTTGTTTCCCACAGCGACTGCGGGATTCCGTTTCGCT,
175,176,RV-UML-m098,ML,5UTR,20220909,1,16,2.65,1.82,0.74,0.8,5.415,,bad,,,,,,UML,RV-UML-m098,AGCAGCGTTTTTATTCTCTCTATATTATATCACAGACGTTCAACGTAAAA,
176,165,RV-UML-m427,HL,3UTR,20220916,7,16,1.67,2.19,1.03,1.67,5.3774,,bad,,,,,,UML,RV-UML-m427,,GAAGAGCAGCCTTCCTTTGTCCCTGTGGTATTCATAAAGTACCCGCTCCACCCA
177,173,RV-UML-m300,ML,5UTR,20220909,5,16,2.52,1.78,0.88,0.86,5.2424,,bad,,,,,,UML,RV-UML-m300,AGGAGAGGAGAAATCCTACGTCAATTGGATACTCAGTTACCGATTCGGCT,
178,185,RV-UML-m433,HL,3UTR,20220916,8,16,2.08,2.28,0.62,0.48,5.04,,bad,,,,,,UML,RV-UML-m433,,GGGTGGGCGTCTTCCTGCCCCATGCTCCCCTGCCCCCCACCACCTGCCTGCTTGCTTCTCTGGCTGCCTGGTCAGTGCAGAGGTGCCCCCTGCAGATGTTCAATAAAGGAGACAAGTGCTTTCCCAGCTCTTTTCCTGCA
179,175,RV-UML-m277,ML,5UTR,20220909,3,16,2.82,1.47,0.85,0.72,4.7574,,bad,,,,,,UML,RV-UML-m277,AGTTTAGCACGAAAATATACAAGGCTCTCGTGTCTCCCTTCAACGCTCGG,
180,181,RV-UML-m301,ML,5UTR,20220909,5,16,2.22,1.7,0.77,0.82,4.4054,,bad,,,,,,UML,RV-UML-m301,AGTCCGAGAAGAGAAAACAGATTTTCAGCCCACATTGGACAGGGTGGGCA,
181,174,RV-UML-m035,ML,5UTR,20220902,3,16,1.83,1.86,0.89,1.12,4.400600000000001,,bad,,,,,,UML,RV-UML-m035,AGGCACGCTAAGGTTATCTGCGTCTGTTTACCCTCTACGAACTTTTCAGC,
182,182,RV-UML-m278,ML,5UTR,20220909,3,16,2.12,1.74,0.64,0.86,4.2392,,bad,,,,,,UML,RV-UML-m278,AGCGTTACTGCCTTCCTCTGGATATTATCCTTCTCTGCATCCGCTGTACA,
183,184,RV-UML-m136,PTR,Both,20220930,3,16,1.91,1.61,0.42,1.19,3.5749,,bad,,,,,,UML,RV-UML-m136,AGACATTTGCTTCTGACACAACTGTGTTCACTAGCAACCTCAAACAGACACC,GCTGGAGCCTCGGTGGCCATGCTTCTTGCCCCTTGGGCCTCCCCCCAGCCCCTCCTCCCCTTCCTGCACCCGTACCCCCGTGGTCTTTGAATAAAGTCTGAGTGGGCGGCA
184,183,RV-UML-m137,PTR,Both,20220930,3,16,1.79,1.71,0.39,1.26,3.5523000000000002,,bad,,,,,,UML,RV-UML-m137,AGACATTTGCTTCTGACACAACTGTGTTCACTAGCAACCTCAAACAGACACC,GCTCGCTTTCTTGCTGTCCAATTTCTATTAAAGGTTCCTTTGTTCCCTAAGTCCAACTACTAAACTGGGGGATATTATGAAGGGCCTTGAGCATCTGGATTCTGCCTAATAAAAAACATTTATTTTCATTGCAA
185,193,RV-UML-m284,ML,5UTR,20220909,4,16,1.84,1.63,0.37,0.49,3.1805,,bad,,,,,,UML,RV-UML-m284,AGGTCCTCTTTCAGGAAGAGGTCGCATACAGTACAGCAGATCTGACGAAG,
186,187,RV-UML-m342,ML,5UTR,20220909,9,16,1.35,1.78,0.52,0.85,2.845,,bad,,,,,,UML,RV-UML-m342,AGGAAACATACAGATTCCGATTCAAGAGCTGCACGGACTACGTGTACGAT,
187,188,RV-UML-m322,ML,5UTR,20220909,7,16,1.95,1.2,0.7,0.68,2.816,,bad,,,,,,UML,RV-UML-m322,AGCCGGTAGATTGGCTAATTCGGAGAAAGGACCATCTCGAGTACGCGAAA,
188,189,RV-UML-m299,ML,5UTR,20220909,5,16,1.91,1.26,0.67,0.61,2.8153,,bad,,,,,,UML,RV-UML-m299,AGAGAGCCCAGAGAGGACGTTTTATACCCGATTGACAGATTCCTCCCACT,
189,186,RV-UML-m339,ML,5UTR,20220909,9,16,1.21,1.94,0.47,0.92,2.7798,,bad,,,,,,UML,RV-UML-m339,AGTTGCCCTTTATTTACGCACAAGAGATCGTACCTGCCCCGATCGCTACT,
190,195,RV-UML-m356,ML,5UTR,20220916,1,16,1.67,1.6,0.26,0.19,2.7214,,bad,,,,,,UML,RV-UML-m356,AGGCCAGATTGGCGCCGAGTATCGACGCCTACACTCCTACCAAAGTCTCT,
191,192,RV-UML-m105,PTR,5UTR,20220909,1,16,1.69,1.37,0.47,0.61,2.6020000000000003,,bad,,,,,,UML,RV-UML-m105,AGCACAGACTCAGAGAGAACCCACCATGGTGCTGTCTCCTGCCGACAAGACCAACGTCAAGGCCGCCTGGGG,
192,190,RV-UML-m321,ML,5UTR,20220909,7,16,1.82,1.18,0.65,0.67,2.5831000000000004,,bad,,,,,,UML,RV-UML-m321,AGCTGACTGGTCAAACAACGCAACCAGCGATTCACGGTTTTCCTGTCGCA,
193,194,RV-UML-m333,ML,5UTR,20220909,8,16,1.67,1.14,0.45,0.47,2.1152999999999995,,bad,,,,,,UML,RV-UML-m333,AGTACCTGGCCAGGACAAACAGTATCTTGCTGTATTCTCACCTCTCCACT,
194,191,RV-UML-m309,ML,5UTR,20220909,6,16,1.53,1.04,0.79,0.58,2.0494000000000003,,bad,,,,,,UML,RV-UML-m309,AGGCCACTGCTACTGTGCAAATCCGCAGGATCCTTCCCGTTACGGTCGAA,
