RVAC ID,Sequence,Structure,MFE (kcal/mol),Length,GC Content,Paired Bases,Paired Percentage,Stem Count,Loop Count,Stem_1_Position,Stem_1_Length,Stem_2_Position,Stem_2_Length,Stem_3_Position,Stem_3_Length,Stem_4_Position,Stem_4_Length,Stem_5_Position,Stem_5_Length,Stem_6_Position,Stem_6_Length,Stem_7_Position,Stem_7_Length,Loop_1_Position,Loop_1_Size,Loop_2_Position,Loop_2_Size,Loop_3_Position,Loop_3_Size,Loop_4_Position,Loop_4_Size,Loop_5_Position,Loop_5_Size,Loop_6_Position,Loop_6_Size,Loop_7_Position,Loop_7_Size,Stem_8_Position,Stem_8_Length,Stem_9_Position,Stem_9_Length,Stem_10_Position,Stem_10_Length,Loop_8_Position,Loop_8_Size,Loop_9_Position,Loop_9_Size,Loop_10_Position,Loop_10_Size,Stem_11_Position,Stem_11_Length,Stem_12_Position,Stem_12_Length,Stem_13_Position,Stem_13_Length,Stem_14_Position,Stem_14_Length,Stem_15_Position,Stem_15_Length,Stem_16_Position,Stem_16_Length,Loop_11_Position,Loop_11_Size,Loop_12_Position,Loop_12_Size,Loop_13_Position,Loop_13_Size,Loop_14_Position,Loop_14_Size,Loop_15_Position,Loop_15_Size,Loop_16_Position,Loop_16_Size,Stem_17_Position,Stem_17_Length,Loop_17_Position,Loop_17_Size,Stem_18_Position,Stem_18_Length,Stem_19_Position,Stem_19_Length,Stem_20_Position,Stem_20_Length,Loop_18_Position,Loop_18_Size,Loop_19_Position,Loop_19_Size,Loop_20_Position,Loop_20_Size
RV-UML-m118,GCCCTGGAACTCCTAAACCTTTGCCCCTGGGGCTTCCATCCCAACCAGTGCCAAGGACCTCCTCTTCCCCCTTCCAAATAATAAAGTCTATGGACAGGGCTGTCTCTGAAGTACTAACAC,....(((((((((...............)))).)))))........(((((((.((((..........((((((((..............)))).))))..)))).))..))))).....,-23.0,120,0.525,28,0.4666666666666667,7,7,5-38,5.0,10-32,4.0,47-115,5.0,52-108,2.0,55-105,4.0,69-99,4.0,73-94,4.0,10-33,24.0,14-28,15.0,52-110,59.0,54-106,53.0,59-101,43.0,73-95,23.0,77-90,14.0,,,,,,,,,,,,,,,,,,,,,,,,,,,,,,,,,,,,,,,,,,,,,,,,,,,,
RV-UML-m122,GGAGCTGAGTTCTTAAAGACTGAAGACAGGCTATTCTCTGGAGAAAAATAAAATGGAAATTGTACTTAA,((((...(((((((........))))...)))...))))..............................,-5.699999809265137,69,0.34782608695652173,11,0.3188405797101449,3,3,1-39,4.0,8-32,3.0,11-26,4.0,,,,,,,,,5-35,31.0,11-29,19.0,15-22,8.0,,,,,,,,,,,,,,,,,,,,,,,,,,,,,,,,,,,,,,,,,,,,,,,,,,,,,,,,,,,,
RV-UML-m125,GATGGGGGGCATGGCCCTGGCTGCCAGATGCCCACAGCA,(.((..(((((((((.......))))..))))).)).).,-13.399999618530273,39,0.6923076923076923,12,0.6153846153846154,4,4,1-38,1.0,3-36,2.0,7-33,5.0,12-26,4.0,,,,,,,2-37,36.0,5-34,30.0,12-28,17.0,16-22,7.0,,,,,,,,,,,,,,,,,,,,,,,,,,,,,,,,,,,,,,,,,,,,,,,,,,,,,,,,,,
RV-UML-m128,GCCCTGGAACTCCTAAACCTTTGCCCCTGGGGCTTCCATCCCAACCAGTGCCAAGGACCTCCTCTTCCCCCTTCCAAATAATAAAGTCTATGGACAGGGCTGTCTCTGAAGTACTAACAC,....(((((((((...............)))).)))))........(((((((.((((..........((((((((..............)))).))))..)))).))..))))).....,-23.0,120,0.525,28,0.4666666666666667,7,7,5-38,5.0,10-32,4.0,47-115,5.0,52-108,2.0,55-105,4.0,69-99,4.0,73-94,4.0,10-33,24.0,14-28,15.0,52-110,59.0,54-106,53.0,59-101,43.0,73-95,23.0,77-90,14.0,,,,,,,,,,,,,,,,,,,,,,,,,,,,,,,,,,,,,,,,,,,,,,,,,,,,
RV-UML-m129,AGTTAAAACGTCACAAAGGTGCTGCTTTTACAGGGAAGCTTATTCTGTTTT,................(((....((((((....))))))....))).....,-5.599999904632568,51,0.37254901960784315,9,0.35294117647058826,2,2,17-46,3.0,24-39,6.0,,,,,,,,,,,20-43,24.0,30-33,4.0,,,,,,,,,,,,,,,,,,,,,,,,,,,,,,,,,,,,,,,,,,,,,,,,,,,,,,,,,,,,,,
RV-UML-m133,AAAAAGTGTGTATTAGGAGGAGAGAGAGGAAAAAAAGAGGAAA,...........................................,0.0,43,0.3488372093023256,0,0.0,0,0,,,,,,,,,,,,,,,,,,,,,,,,,,,,,,,,,,,,,,,,,,,,,,,,,,,,,,,,,,,,,,,,,,,,,,,,,,,,,,,,
RV-UML-m135,GATGGGGGGCATGGCCCTGGCTGCCAGATGCCCACAGCA,(.((..(((((((((.......))))..))))).)).).,-13.399999618530273,39,0.6923076923076923,12,0.6153846153846154,4,4,1-38,1.0,3-36,2.0,7-33,5.0,12-26,4.0,,,,,,,2-37,36.0,5-34,30.0,12-28,17.0,16-22,7.0,,,,,,,,,,,,,,,,,,,,,,,,,,,,,,,,,,,,,,,,,,,,,,,,,,,,,,,,,,
RV-UML-m138,GCCCTGGAACTCCTAAACCTTTGCCCCTGGGGCTTCCATCCCAACCAGTGCCAAGGACCTCCTCTTCCCCCTTCCAAATAATAAAGTCTATGGACAGGGCTGTCTCTGAAGTACTAACAC,....(((((((((...............)))).)))))........(((((((.((((..........((((((((..............)))).))))..)))).))..))))).....,-23.0,120,0.525,28,0.4666666666666667,7,7,5-38,5.0,10-32,4.0,47-115,5.0,52-108,2.0,55-105,4.0,69-99,4.0,73-94,4.0,10-33,24.0,14-28,15.0,52-110,59.0,54-106,53.0,59-101,43.0,73-95,23.0,77-90,14.0,,,,,,,,,,,,,,,,,,,,,,,,,,,,,,,,,,,,,,,,,,,,,,,,,,,,
RV-UML-m139,AGTTAAAACGTCACAAAGGTGCTGCTTTTACAGGGAAGCTTATTCTGTTTT,................(((....((((((....))))))....))).....,-5.599999904632568,51,0.37254901960784315,9,0.35294117647058826,2,2,17-46,3.0,24-39,6.0,,,,,,,,,,,20-43,24.0,30-33,4.0,,,,,,,,,,,,,,,,,,,,,,,,,,,,,,,,,,,,,,,,,,,,,,,,,,,,,,,,,,,,,,
RV-UML-m140,GCTGGAGCCTCGGTAGCCGTTCCTCCTGCCCGCTGGGCCTCCCAACGGGCCCTCCTCCCCTCCTTGCACCGGCCCTTCCTGGTCTTTGAATAAAGTCTGAGTGGGCAGCA,...((((...(((...)))...))))((((((((((((((......))))))...............(((((......)))))((((....))))....))))))))...,-36.5,110,0.6545454545454545,30,0.5454545454545454,6,6,4-26,4.0,11-19,3.0,27-107,8.0,35-52,6.0,68-83,5.0,84-95,4.0,,,8-22,15.0,14-16,3.0,35-99,65.0,41-46,6.0,73-78,6.0,88-91,4.0,,,,,,,,,,,,,,,,,,,,,,,,,,,,,,,,,,,,,,,,,,,,,,,,,,,,,,
RV-UML-m141,GTAGCTCTCTGAAGGCTTTTTACCCAGCAATGTCCTCAATGAGGGTCTTTTCTTTCCCTCACCAAAACCCAGCCTTGCCCGTGGGGAGTAAGAGTTAATAAACACACTCACGAAAAGTTCT,.(((((((.(((.(((...............))).))).((((((..........))))))......((((..........)))).....)))))))........................,-22.100000381469727,121,0.4628099173553719,23,0.38016528925619836,5,5,2-97,7.0,10-38,3.0,14-34,3.0,40-61,6.0,68-85,4.0,,,,,9-90,82.0,13-35,23.0,17-31,15.0,46-55,10.0,72-81,10.0,,,,,,,,,,,,,,,,,,,,,,,,,,,,,,,,,,,,,,,,,,,,,,,,,,,,,,,,
RV-UML-m142,GGAGCTGAGTTCTTAAAGACTGAAGACAGGCTATTCTCTGGAGAAAAATAAAATGGAAATTGTACTTAA,((((...(((((((........))))...)))...))))..............................,-5.699999809265137,69,0.34782608695652173,11,0.3188405797101449,3,3,1-39,4.0,8-32,3.0,11-26,4.0,,,,,,,,,5-35,31.0,11-29,19.0,15-22,8.0,,,,,,,,,,,,,,,,,,,,,,,,,,,,,,,,,,,,,,,,,,,,,,,,,,,,,,,,,,,,
RV-UML-m143,AAAAAGTGTGTATTAGGAGGAGAGAGAGGAAAAAAAGAGGAAA,...........................................,0.0,43,0.3488372093023256,0,0.0,0,0,,,,,,,,,,,,,,,,,,,,,,,,,,,,,,,,,,,,,,,,,,,,,,,,,,,,,,,,,,,,,,,,,,,,,,,,,,,,,,,,
RV-UML-m145,GATGGGGGGCATGGCCCTGGCTGCCAGATGCCCACAGCA,(.((..(((((((((.......))))..))))).)).).,-13.399999618530273,39,0.6923076923076923,12,0.6153846153846154,4,4,1-38,1.0,3-36,2.0,7-33,5.0,12-26,4.0,,,,,,,2-37,36.0,5-34,30.0,12-28,17.0,16-22,7.0,,,,,,,,,,,,,,,,,,,,,,,,,,,,,,,,,,,,,,,,,,,,,,,,,,,,,,,,,,
RV-UML-m146,GCTGGAGCCTCGGTGGCCATGCTTCTTGCCCCTTGGGCCTCCCCCCAGCCCCTCCTCCCCTTCCTGCACCCGTACCCCCGTGGTCTTTGAATAAAGTCTGAGTGGGCGGCA,...(((((((.((.(((..........)))))..))).))))..((.(((((((......(((....(((((......)).)))....)))........))).))))))..,-29.5,111,0.6576576576576577,29,0.5225225225225225,10,10,4-42,4.0,8-37,3.0,12-32,2.0,15-30,3.0,45-109,2.0,48-107,4.0,52-102,3.0,8-38,31.0,11-34,24.0,14-30,17.0,18-27,10.0,47-107,61.0,52-103,52.0,55-99,45.0,61-91,3.0,68-84,3.0,71-80,2.0,64-88,25.0,71-81,11.0,73-78,6.0,,,,,,,,,,,,,,,,,,,,,,,,,,,,,,,,,,,,,,,,
RV-UML-m147,GCTCGCTTTCTTGCTGTCCAATTTCTATTAAAGGTTCCTTTGTTCCCTAAGTCCAACTACTAAACTGGGGGATATTATGAAGGGCCTTGAGCATCTGGATTCTGCCTAATAAAAAACATTTATTTTCATTGCAA,((((((......))................(((((.((((((((((((.(((...........))).)))))....))))))))))))))))..........(((..((((((.....))))))......))).,-25.200000762939453,134,0.3805970149253731,35,0.5223880597014925,8,8,1-92,4.0,5-14,2.0,31-88,5.0,37-83,7.0,44-72,5.0,50-66,3.0,103-133,3.0,5-88,84.0,7-12,6.0,36-83,48.0,44-76,33.0,49-67,19.0,53-63,11.0,106-130,25.0,108-124,6.0,,,,,114-118,5.0,,,,,,,,,,,,,,,,,,,,,,,,,,,,,,,,,,,,,,,,,,,,
RV-UML-m148,GCCCTGGAACTCCTAAACCTTTGCCCCTGGGGCTTCCATCCCAACCAGTGCCAAGGACCTCCTCTTCCCCCTTCCAAATAATAAAGTCTATGGACAGGGCTGTCTCTGAAGTACTAACAC,....(((((((((...............)))).)))))........(((((((.((((..........((((((((..............)))).))))..)))).))..))))).....,-23.0,120,0.525,28,0.4666666666666667,7,7,5-38,5.0,10-32,4.0,47-115,5.0,52-108,2.0,55-105,4.0,69-99,4.0,73-94,4.0,10-33,24.0,14-28,15.0,52-110,59.0,54-106,53.0,59-101,43.0,73-95,23.0,77-90,14.0,,,,,,,,,,,,,,,,,,,,,,,,,,,,,,,,,,,,,,,,,,,,,,,,,,,,
RV-UML-m149,AGTTAAAACGTCACAAAGGTGCTGCTTTTACAGGGAAGCTTATTCTGTTTT,................(((....((((((....))))))....))).....,-5.599999904632568,51,0.37254901960784315,9,0.35294117647058826,2,2,17-46,3.0,24-39,6.0,,,,,,,,,,,20-43,24.0,30-33,4.0,,,,,,,,,,,,,,,,,,,,,,,,,,,,,,,,,,,,,,,,,,,,,,,,,,,,,,,,,,,,,,
RV-UML-m150,GCTGGAGCCTCGGTAGCCGTTCCTCCTGCCCGCTGGGCCTCCCAACGGGCCCTCCTCCCCTCCTTGCACCGGCCCTTCCTGGTCTTTGAATAAAGTCTGAGTGGGCAGCA,...((((...(((...)))...))))((((((((((((((......))))))...............(((((......)))))((((....))))....))))))))...,-36.5,110,0.6545454545454545,30,0.5454545454545454,6,6,4-26,4.0,11-19,3.0,27-107,8.0,35-52,6.0,68-83,5.0,84-95,4.0,,,8-22,15.0,14-16,3.0,35-99,65.0,41-46,6.0,73-78,6.0,88-91,4.0,,,,,,,,,,,,,,,,,,,,,,,,,,,,,,,,,,,,,,,,,,,,,,,,,,,,,,
RV-UML-m151,GTAGCTCTCTGAAGGCTTTTTACCCAGCAATGTCCTCAATGAGGGTCTTTTCTTTCCCTCACCAAAACCCAGCCTTGCCCGTGGGGAGTAAGAGTTAATAAACACACTCACGAAAAGTTCT,.(((((((.(((.(((...............))).))).((((((..........))))))......((((..........)))).....)))))))........................,-22.100000381469727,121,0.4628099173553719,23,0.38016528925619836,5,5,2-97,7.0,10-38,3.0,14-34,3.0,40-61,6.0,68-85,4.0,,,,,9-90,82.0,13-35,23.0,17-31,15.0,46-55,10.0,72-81,10.0,,,,,,,,,,,,,,,,,,,,,,,,,,,,,,,,,,,,,,,,,,,,,,,,,,,,,,,,
RV-UML-m152,GGAGCTGAGTTCTTAAAGACTGAAGACAGGCTATTCTCTGGAGAAAAATAAAATGGAAATTGTACTTAA,((((...(((((((........))))...)))...))))..............................,-5.699999809265137,69,0.34782608695652173,11,0.3188405797101449,3,3,1-39,4.0,8-32,3.0,11-26,4.0,,,,,,,,,5-35,31.0,11-29,19.0,15-22,8.0,,,,,,,,,,,,,,,,,,,,,,,,,,,,,,,,,,,,,,,,,,,,,,,,,,,,,,,,,,,,
RV-UML-m153,AAAAAGTGTGTATTAGGAGGAGAGAGAGGAAAAAAAGAGGAAA,...........................................,0.0,43,0.3488372093023256,0,0.0,0,0,,,,,,,,,,,,,,,,,,,,,,,,,,,,,,,,,,,,,,,,,,,,,,,,,,,,,,,,,,,,,,,,,,,,,,,,,,,,,,,,
RV-UML-m154,GGGCCAGCCCCACCCCCAGCCAGGCTATGGTTGCCACCCCAACCCAATAAAACTGATGTTACTAGCCTCTCAAGGCCCTTTAATCCTTT,(((((.((..........)).((((((.(((((......)))))......(((....)))..)))))).....)))))...........,-19.0,89,0.550561797752809,21,0.47191011235955055,5,5,1-78,5.0,7-20,2.0,22-68,6.0,29-44,5.0,51-60,3.0,,,,,6-73,68.0,9-18,10.0,28-62,35.0,34-39,6.0,54-57,4.0,,,,,,,,,,,,,,,,,,,,,,,,,,,,,,,,,,,,,,,,,,,,,,,,,,,,,,,,
RV-UML-m155,GATGGGGGGCATGGCCCTGGCTGCCAGATGCCCACAGCA,(.((..(((((((((.......))))..))))).)).).,-13.399999618530273,39,0.6923076923076923,12,0.6153846153846154,4,4,1-38,1.0,3-36,2.0,7-33,5.0,12-26,4.0,,,,,,,2-37,36.0,5-34,30.0,12-28,17.0,16-22,7.0,,,,,,,,,,,,,,,,,,,,,,,,,,,,,,,,,,,,,,,,,,,,,,,,,,,,,,,,,,
RV-UML-m156,GCTGGAGCCTCGGTGGCCATGCTTCTTGCCCCTTGGGCCTCCCCCCAGCCCCTCCTCCCCTTCCTGCACCCGTACCCCCGTGGTCTTTGAATAAAGTCTGAGTGGGCGGCA,...(((((((.((.(((..........)))))..))).))))..((.(((((((......(((....(((((......)).)))....)))........))).))))))..,-29.5,111,0.6576576576576577,29,0.5225225225225225,10,10,4-42,4.0,8-37,3.0,12-32,2.0,15-30,3.0,45-109,2.0,48-107,4.0,52-102,3.0,8-38,31.0,11-34,24.0,14-30,17.0,18-27,10.0,47-107,61.0,52-103,52.0,55-99,45.0,61-91,3.0,68-84,3.0,71-80,2.0,64-88,25.0,71-81,11.0,73-78,6.0,,,,,,,,,,,,,,,,,,,,,,,,,,,,,,,,,,,,,,,,
RV-UML-m157,GCTCGCTTTCTTGCTGTCCAATTTCTATTAAAGGTTCCTTTGTTCCCTAAGTCCAACTACTAAACTGGGGGATATTATGAAGGGCCTTGAGCATCTGGATTCTGCCTAATAAAAAACATTTATTTTCATTGCAA,((((((......))................(((((.((((((((((((.(((...........))).)))))....))))))))))))))))..........(((..((((((.....))))))......))).,-25.200000762939453,134,0.3805970149253731,35,0.5223880597014925,8,8,1-92,4.0,5-14,2.0,31-88,5.0,37-83,7.0,44-72,5.0,50-66,3.0,103-133,3.0,5-88,84.0,7-12,6.0,36-83,48.0,44-76,33.0,49-67,19.0,53-63,11.0,106-130,25.0,108-124,6.0,,,,,114-118,5.0,,,,,,,,,,,,,,,,,,,,,,,,,,,,,,,,,,,,,,,,,,,,
RV-UML-m158,GCCCTGGAACTCCTAAACCTTTGCCCCTGGGGCTTCCATCCCAACCAGTGCCAAGGACCTCCTCTTCCCCCTTCCAAATAATAAAGTCTATGGACAGGGCTGTCTCTGAAGTACTAACAC,....(((((((((...............)))).)))))........(((((((.((((..........((((((((..............)))).))))..)))).))..))))).....,-23.0,120,0.525,28,0.4666666666666667,7,7,5-38,5.0,10-32,4.0,47-115,5.0,52-108,2.0,55-105,4.0,69-99,4.0,73-94,4.0,10-33,24.0,14-28,15.0,52-110,59.0,54-106,53.0,59-101,43.0,73-95,23.0,77-90,14.0,,,,,,,,,,,,,,,,,,,,,,,,,,,,,,,,,,,,,,,,,,,,,,,,,,,,
RV-UML-m159,AGTTAAAACGTCACAAAGGTGCTGCTTTTACAGGGAAGCTTATTCTGTTTT,................(((....((((((....))))))....))).....,-5.599999904632568,51,0.37254901960784315,9,0.35294117647058826,2,2,17-46,3.0,24-39,6.0,,,,,,,,,,,20-43,24.0,30-33,4.0,,,,,,,,,,,,,,,,,,,,,,,,,,,,,,,,,,,,,,,,,,,,,,,,,,,,,,,,,,,,,,
RV-UML-m161,GTAGCTCTCTGAAGGCTTTTTACCCAGCAATGTCCTCAATGAGGGTCTTTTCTTTCCCTCACCAAAACCCAGCCTTGCCCGTGGGGAGTAAGAGTTAATAAACACACTCACGAAAAGTTCT,.(((((((.(((.(((...............))).))).((((((..........))))))......((((..........)))).....)))))))........................,-22.100000381469727,121,0.4628099173553719,23,0.38016528925619836,5,5,2-97,7.0,10-38,3.0,14-34,3.0,40-61,6.0,68-85,4.0,,,,,9-90,82.0,13-35,23.0,17-31,15.0,46-55,10.0,72-81,10.0,,,,,,,,,,,,,,,,,,,,,,,,,,,,,,,,,,,,,,,,,,,,,,,,,,,,,,,,
RV-UML-m163,AAAAAGTGTGTATTAGGAGGAGAGAGAGGAAAAAAAGAGGAAA,...........................................,0.0,43,0.3488372093023256,0,0.0,0,0,,,,,,,,,,,,,,,,,,,,,,,,,,,,,,,,,,,,,,,,,,,,,,,,,,,,,,,,,,,,,,,,,,,,,,,,,,,,,,,,
RV-UML-m165,GATGGGGGGCATGGCCCTGGCTGCCAGATGCCCACAGCA,(.((..(((((((((.......))))..))))).)).).,-13.399999618530273,39,0.6923076923076923,12,0.6153846153846154,4,4,1-38,1.0,3-36,2.0,7-33,5.0,12-26,4.0,,,,,,,2-37,36.0,5-34,30.0,12-28,17.0,16-22,7.0,,,,,,,,,,,,,,,,,,,,,,,,,,,,,,,,,,,,,,,,,,,,,,,,,,,,,,,,,,
RV-UML-m166,GCTGGAGCCTCGGTGGCCATGCTTCTTGCCCCTTGGGCCTCCCCCCAGCCCCTCCTCCCCTTCCTGCACCCGTACCCCCGTGGTCTTTGAATAAAGTCTGAGTGGGCGGCA,...(((((((.((.(((..........)))))..))).))))..((.(((((((......(((....(((((......)).)))....)))........))).))))))..,-29.5,111,0.6576576576576577,29,0.5225225225225225,10,10,4-42,4.0,8-37,3.0,12-32,2.0,15-30,3.0,45-109,2.0,48-107,4.0,52-102,3.0,8-38,31.0,11-34,24.0,14-30,17.0,18-27,10.0,47-107,61.0,52-103,52.0,55-99,45.0,61-91,3.0,68-84,3.0,71-80,2.0,64-88,25.0,71-81,11.0,73-78,6.0,,,,,,,,,,,,,,,,,,,,,,,,,,,,,,,,,,,,,,,,
RV-UML-m167,GCTCGCTTTCTTGCTGTCCAATTTCTATTAAAGGTTCCTTTGTTCCCTAAGTCCAACTACTAAACTGGGGGATATTATGAAGGGCCTTGAGCATCTGGATTCTGCCTAATAAAAAACATTTATTTTCATTGCAA,((((((......))................(((((.((((((((((((.(((...........))).)))))....))))))))))))))))..........(((..((((((.....))))))......))).,-25.200000762939453,134,0.3805970149253731,35,0.5223880597014925,8,8,1-92,4.0,5-14,2.0,31-88,5.0,37-83,7.0,44-72,5.0,50-66,3.0,103-133,3.0,5-88,84.0,7-12,6.0,36-83,48.0,44-76,33.0,49-67,19.0,53-63,11.0,106-130,25.0,108-124,6.0,,,,,114-118,5.0,,,,,,,,,,,,,,,,,,,,,,,,,,,,,,,,,,,,,,,,,,,,
RV-UML-m168,GCCCTGGAACTCCTAAACCTTTGCCCCTGGGGCTTCCATCCCAACCAGTGCCAAGGACCTCCTCTTCCCCCTTCCAAATAATAAAGTCTATGGACAGGGCTGTCTCTGAAGTACTAACAC,....(((((((((...............)))).)))))........(((((((.((((..........((((((((..............)))).))))..)))).))..))))).....,-23.0,120,0.525,28,0.4666666666666667,7,7,5-38,5.0,10-32,4.0,47-115,5.0,52-108,2.0,55-105,4.0,69-99,4.0,73-94,4.0,10-33,24.0,14-28,15.0,52-110,59.0,54-106,53.0,59-101,43.0,73-95,23.0,77-90,14.0,,,,,,,,,,,,,,,,,,,,,,,,,,,,,,,,,,,,,,,,,,,,,,,,,,,,
RV-UML-m169,AGTTAAAACGTCACAAAGGTGCTGCTTTTACAGGGAAGCTTATTCTGTTTT,................(((....((((((....))))))....))).....,-5.599999904632568,51,0.37254901960784315,9,0.35294117647058826,2,2,17-46,3.0,24-39,6.0,,,,,,,,,,,20-43,24.0,30-33,4.0,,,,,,,,,,,,,,,,,,,,,,,,,,,,,,,,,,,,,,,,,,,,,,,,,,,,,,,,,,,,,,
RV-UML-m170,GCTGGAGCCTCGGTAGCCGTTCCTCCTGCCCGCTGGGCCTCCCAACGGGCCCTCCTCCCCTCCTTGCACCGGCCCTTCCTGGTCTTTGAATAAAGTCTGAGTGGGCAGCA,...((((...(((...)))...))))((((((((((((((......))))))...............(((((......)))))((((....))))....))))))))...,-36.5,110,0.6545454545454545,30,0.5454545454545454,6,6,4-26,4.0,11-19,3.0,27-107,8.0,35-52,6.0,68-83,5.0,84-95,4.0,,,8-22,15.0,14-16,3.0,35-99,65.0,41-46,6.0,73-78,6.0,88-91,4.0,,,,,,,,,,,,,,,,,,,,,,,,,,,,,,,,,,,,,,,,,,,,,,,,,,,,,,
RV-UML-m171,GTAGCTCTCTGAAGGCTTTTTACCCAGCAATGTCCTCAATGAGGGTCTTTTCTTTCCCTCACCAAAACCCAGCCTTGCCCGTGGGGAGTAAGAGTTAATAAACACACTCACGAAAAGTTCT,.(((((((.(((.(((...............))).))).((((((..........))))))......((((..........)))).....)))))))........................,-22.100000381469727,121,0.4628099173553719,23,0.38016528925619836,5,5,2-97,7.0,10-38,3.0,14-34,3.0,40-61,6.0,68-85,4.0,,,,,9-90,82.0,13-35,23.0,17-31,15.0,46-55,10.0,72-81,10.0,,,,,,,,,,,,,,,,,,,,,,,,,,,,,,,,,,,,,,,,,,,,,,,,,,,,,,,,
RV-UML-m172,GGAGCTGAGTTCTTAAAGACTGAAGACAGGCTATTCTCTGGAGAAAAATAAAATGGAAATTGTACTTAA,((((...(((((((........))))...)))...))))..............................,-5.699999809265137,69,0.34782608695652173,11,0.3188405797101449,3,3,1-39,4.0,8-32,3.0,11-26,4.0,,,,,,,,,5-35,31.0,11-29,19.0,15-22,8.0,,,,,,,,,,,,,,,,,,,,,,,,,,,,,,,,,,,,,,,,,,,,,,,,,,,,,,,,,,,,
RV-UML-m173,AAAAAGTGTGTATTAGGAGGAGAGAGAGGAAAAAAAGAGGAAA,...........................................,0.0,43,0.3488372093023256,0,0.0,0,0,,,,,,,,,,,,,,,,,,,,,,,,,,,,,,,,,,,,,,,,,,,,,,,,,,,,,,,,,,,,,,,,,,,,,,,,,,,,,,,,
RV-UML-m174,GGGCCAGCCCCACCCCCAGCCAGGCTATGGTTGCCACCCCAACCCAATAAAACTGATGTTACTAGCCTCTCAAGGCCCTTTAATCCTTT,(((((.((..........)).((((((.(((((......)))))......(((....)))..)))))).....)))))...........,-19.0,89,0.550561797752809,21,0.47191011235955055,5,5,1-78,5.0,7-20,2.0,22-68,6.0,29-44,5.0,51-60,3.0,,,,,6-73,68.0,9-18,10.0,28-62,35.0,34-39,6.0,54-57,4.0,,,,,,,,,,,,,,,,,,,,,,,,,,,,,,,,,,,,,,,,,,,,,,,,,,,,,,,,
RV-UML-m175,GATGGGGGGCATGGCCCTGGCTGCCAGATGCCCACAGCA,(.((..(((((((((.......))))..))))).)).).,-13.399999618530273,39,0.6923076923076923,12,0.6153846153846154,4,4,1-38,1.0,3-36,2.0,7-33,5.0,12-26,4.0,,,,,,,2-37,36.0,5-34,30.0,12-28,17.0,16-22,7.0,,,,,,,,,,,,,,,,,,,,,,,,,,,,,,,,,,,,,,,,,,,,,,,,,,,,,,,,,,
RV-UML-m179,AGTTAAAACGTCACAAAGGTGCTGCTTTTACAGGGAAGCTTATTCTGTTTT,................(((....((((((....))))))....))).....,-5.599999904632568,51,0.37254901960784315,9,0.35294117647058826,2,2,17-46,3.0,24-39,6.0,,,,,,,,,,,20-43,24.0,30-33,4.0,,,,,,,,,,,,,,,,,,,,,,,,,,,,,,,,,,,,,,,,,,,,,,,,,,,,,,,,,,,,,,
RV-UML-m180,GCTGGAGCCTCGGTAGCCGTTCCTCCTGCCCGCTGGGCCTCCCAACGGGCCCTCCTCCCCTCCTTGCACCGGCCCTTCCTGGTCTTTGAATAAAGTCTGAGTGGGCAGCA,...((((...(((...)))...))))((((((((((((((......))))))...............(((((......)))))((((....))))....))))))))...,-36.5,110,0.6545454545454545,30,0.5454545454545454,6,6,4-26,4.0,11-19,3.0,27-107,8.0,35-52,6.0,68-83,5.0,84-95,4.0,,,8-22,15.0,14-16,3.0,35-99,65.0,41-46,6.0,73-78,6.0,88-91,4.0,,,,,,,,,,,,,,,,,,,,,,,,,,,,,,,,,,,,,,,,,,,,,,,,,,,,,,
RV-UML-m181,GTAGCTCTCTGAAGGCTTTTTACCCAGCAATGTCCTCAATGAGGGTCTTTTCTTTCCCTCACCAAAACCCAGCCTTGCCCGTGGGGAGTAAGAGTTAATAAACACACTCACGAAAAGTTCT,.(((((((.(((.(((...............))).))).((((((..........))))))......((((..........)))).....)))))))........................,-22.100000381469727,121,0.4628099173553719,23,0.38016528925619836,5,5,2-97,7.0,10-38,3.0,14-34,3.0,40-61,6.0,68-85,4.0,,,,,9-90,82.0,13-35,23.0,17-31,15.0,46-55,10.0,72-81,10.0,,,,,,,,,,,,,,,,,,,,,,,,,,,,,,,,,,,,,,,,,,,,,,,,,,,,,,,,
RV-UML-m182,GGAGCTGAGTTCTTAAAGACTGAAGACAGGCTATTCTCTGGAGAAAAATAAAATGGAAATTGTACTTAA,((((...(((((((........))))...)))...))))..............................,-5.699999809265137,69,0.34782608695652173,11,0.3188405797101449,3,3,1-39,4.0,8-32,3.0,11-26,4.0,,,,,,,,,5-35,31.0,11-29,19.0,15-22,8.0,,,,,,,,,,,,,,,,,,,,,,,,,,,,,,,,,,,,,,,,,,,,,,,,,,,,,,,,,,,,
RV-UML-m187,GCTCGCTTTCTTGCTGTCCAATTTCTATTAAAGGTTCCTTTGTTCCCTAAGTCCAACTACTAAACTGGGGGATATTATGAAGGGCCTTGAGCATCTGGATTCTGCCTAATAAAAAACATTTATTTTCATTGCAA,((((((......))................(((((.((((((((((((.(((...........))).)))))....))))))))))))))))..........(((..((((((.....))))))......))).,-25.200000762939453,134,0.3805970149253731,35,0.5223880597014925,8,8,1-92,4.0,5-14,2.0,31-88,5.0,37-83,7.0,44-72,5.0,50-66,3.0,103-133,3.0,5-88,84.0,7-12,6.0,36-83,48.0,44-76,33.0,49-67,19.0,53-63,11.0,106-130,25.0,108-124,6.0,,,,,114-118,5.0,,,,,,,,,,,,,,,,,,,,,,,,,,,,,,,,,,,,,,,,,,,,
RV-UML-m188,GCCCTGGAACTCCTAAACCTTTGCCCCTGGGGCTTCCATCCCAACCAGTGCCAAGGACCTCCTCTTCCCCCTTCCAAATAATAAAGTCTATGGACAGGGCTGTCTCTGAAGTACTAACAC,....(((((((((...............)))).)))))........(((((((.((((..........((((((((..............)))).))))..)))).))..))))).....,-23.0,120,0.525,28,0.4666666666666667,7,7,5-38,5.0,10-32,4.0,47-115,5.0,52-108,2.0,55-105,4.0,69-99,4.0,73-94,4.0,10-33,24.0,14-28,15.0,52-110,59.0,54-106,53.0,59-101,43.0,73-95,23.0,77-90,14.0,,,,,,,,,,,,,,,,,,,,,,,,,,,,,,,,,,,,,,,,,,,,,,,,,,,,
RV-UML-m189,AGTTAAAACGTCACAAAGGTGCTGCTTTTACAGGGAAGCTTATTCTGTTTT,................(((....((((((....))))))....))).....,-5.599999904632568,51,0.37254901960784315,9,0.35294117647058826,2,2,17-46,3.0,24-39,6.0,,,,,,,,,,,20-43,24.0,30-33,4.0,,,,,,,,,,,,,,,,,,,,,,,,,,,,,,,,,,,,,,,,,,,,,,,,,,,,,,,,,,,,,,
RV-UML-m190,GCTGGAGCCTCGGTAGCCGTTCCTCCTGCCCGCTGGGCCTCCCAACGGGCCCTCCTCCCCTCCTTGCACCGGCCCTTCCTGGTCTTTGAATAAAGTCTGAGTGGGCAGCA,...((((...(((...)))...))))((((((((((((((......))))))...............(((((......)))))((((....))))....))))))))...,-36.5,110,0.6545454545454545,30,0.5454545454545454,6,6,4-26,4.0,11-19,3.0,27-107,8.0,35-52,6.0,68-83,5.0,84-95,4.0,,,8-22,15.0,14-16,3.0,35-99,65.0,41-46,6.0,73-78,6.0,88-91,4.0,,,,,,,,,,,,,,,,,,,,,,,,,,,,,,,,,,,,,,,,,,,,,,,,,,,,,,
RV-UML-m191,GTAGCTCTCTGAAGGCTTTTTACCCAGCAATGTCCTCAATGAGGGTCTTTTCTTTCCCTCACCAAAACCCAGCCTTGCCCGTGGGGAGTAAGAGTTAATAAACACACTCACGAAAAGTTCT,.(((((((.(((.(((...............))).))).((((((..........))))))......((((..........)))).....)))))))........................,-22.100000381469727,121,0.4628099173553719,23,0.38016528925619836,5,5,2-97,7.0,10-38,3.0,14-34,3.0,40-61,6.0,68-85,4.0,,,,,9-90,82.0,13-35,23.0,17-31,15.0,46-55,10.0,72-81,10.0,,,,,,,,,,,,,,,,,,,,,,,,,,,,,,,,,,,,,,,,,,,,,,,,,,,,,,,,
RV-UML-m193,AAAAAGTGTGTATTAGGAGGAGAGAGAGGAAAAAAAGAGGAAA,...........................................,0.0,43,0.3488372093023256,0,0.0,0,0,,,,,,,,,,,,,,,,,,,,,,,,,,,,,,,,,,,,,,,,,,,,,,,,,,,,,,,,,,,,,,,,,,,,,,,,,,,,,,,,
RV-UML-m194,GGGCCAGCCCCACCCCCAGCCAGGCTATGGTTGCCACCCCAACCCAATAAAACTGATGTTACTAGCCTCTCAAGGCCCTTTAATCCTTT,(((((.((..........)).((((((.(((((......)))))......(((....)))..)))))).....)))))...........,-19.0,89,0.550561797752809,21,0.47191011235955055,5,5,1-78,5.0,7-20,2.0,22-68,6.0,29-44,5.0,51-60,3.0,,,,,6-73,68.0,9-18,10.0,28-62,35.0,34-39,6.0,54-57,4.0,,,,,,,,,,,,,,,,,,,,,,,,,,,,,,,,,,,,,,,,,,,,,,,,,,,,,,,,
RV-UML-m195,GATGGGGGGCATGGCCCTGGCTGCCAGATGCCCACAGCA,(.((..(((((((((.......))))..))))).)).).,-13.399999618530273,39,0.6923076923076923,12,0.6153846153846154,4,4,1-38,1.0,3-36,2.0,7-33,5.0,12-26,4.0,,,,,,,2-37,36.0,5-34,30.0,12-28,17.0,16-22,7.0,,,,,,,,,,,,,,,,,,,,,,,,,,,,,,,,,,,,,,,,,,,,,,,,,,,,,,,,,,
RV-UML-m196,GCTGGAGCCTCGGTGGCCATGCTTCTTGCCCCTTGGGCCTCCCCCCAGCCCCTCCTCCCCTTCCTGCACCCGTACCCCCGTGGTCTTTGAATAAAGTCTGAGTGGGCGGCA,...(((((((.((.(((..........)))))..))).))))..((.(((((((......(((....(((((......)).)))....)))........))).))))))..,-29.5,111,0.6576576576576577,29,0.5225225225225225,10,10,4-42,4.0,8-37,3.0,12-32,2.0,15-30,3.0,45-109,2.0,48-107,4.0,52-102,3.0,8-38,31.0,11-34,24.0,14-30,17.0,18-27,10.0,47-107,61.0,52-103,52.0,55-99,45.0,61-91,3.0,68-84,3.0,71-80,2.0,64-88,25.0,71-81,11.0,73-78,6.0,,,,,,,,,,,,,,,,,,,,,,,,,,,,,,,,,,,,,,,,
RV-UML-m197,GCTCGCTTTCTTGCTGTCCAATTTCTATTAAAGGTTCCTTTGTTCCCTAAGTCCAACTACTAAACTGGGGGATATTATGAAGGGCCTTGAGCATCTGGATTCTGCCTAATAAAAAACATTTATTTTCATTGCAA,((((((......))................(((((.((((((((((((.(((...........))).)))))....))))))))))))))))..........(((..((((((.....))))))......))).,-25.200000762939453,134,0.3805970149253731,35,0.5223880597014925,8,8,1-92,4.0,5-14,2.0,31-88,5.0,37-83,7.0,44-72,5.0,50-66,3.0,103-133,3.0,5-88,84.0,7-12,6.0,36-83,48.0,44-76,33.0,49-67,19.0,53-63,11.0,106-130,25.0,108-124,6.0,,,,,114-118,5.0,,,,,,,,,,,,,,,,,,,,,,,,,,,,,,,,,,,,,,,,,,,,
RV-UML-m198,GCCCTGGAACTCCTAAACCTTTGCCCCTGGGGCTTCCATCCCAACCAGTGCCAAGGACCTCCTCTTCCCCCTTCCAAATAATAAAGTCTATGGACAGGGCTGTCTCTGAAGTACTAACAC,....(((((((((...............)))).)))))........(((((((.((((..........((((((((..............)))).))))..)))).))..))))).....,-23.0,120,0.525,28,0.4666666666666667,7,7,5-38,5.0,10-32,4.0,47-115,5.0,52-108,2.0,55-105,4.0,69-99,4.0,73-94,4.0,10-33,24.0,14-28,15.0,52-110,59.0,54-106,53.0,59-101,43.0,73-95,23.0,77-90,14.0,,,,,,,,,,,,,,,,,,,,,,,,,,,,,,,,,,,,,,,,,,,,,,,,,,,,
RV-UML-m199,AGTTAAAACGTCACAAAGGTGCTGCTTTTACAGGGAAGCTTATTCTGTTTT,................(((....((((((....))))))....))).....,-5.599999904632568,51,0.37254901960784315,9,0.35294117647058826,2,2,17-46,3.0,24-39,6.0,,,,,,,,,,,20-43,24.0,30-33,4.0,,,,,,,,,,,,,,,,,,,,,,,,,,,,,,,,,,,,,,,,,,,,,,,,,,,,,,,,,,,,,,
RV-UML-m200,GCTGGAGCCTCGGTAGCCGTTCCTCCTGCCCGCTGGGCCTCCCAACGGGCCCTCCTCCCCTCCTTGCACCGGCCCTTCCTGGTCTTTGAATAAAGTCTGAGTGGGCAGCA,...((((...(((...)))...))))((((((((((((((......))))))...............(((((......)))))((((....))))....))))))))...,-36.5,110,0.6545454545454545,30,0.5454545454545454,6,6,4-26,4.0,11-19,3.0,27-107,8.0,35-52,6.0,68-83,5.0,84-95,4.0,,,8-22,15.0,14-16,3.0,35-99,65.0,41-46,6.0,73-78,6.0,88-91,4.0,,,,,,,,,,,,,,,,,,,,,,,,,,,,,,,,,,,,,,,,,,,,,,,,,,,,,,
RV-UML-m201,GTAGCTCTCTGAAGGCTTTTTACCCAGCAATGTCCTCAATGAGGGTCTTTTCTTTCCCTCACCAAAACCCAGCCTTGCCCGTGGGGAGTAAGAGTTAATAAACACACTCACGAAAAGTTCT,.(((((((.(((.(((...............))).))).((((((..........))))))......((((..........)))).....)))))))........................,-22.100000381469727,121,0.4628099173553719,23,0.38016528925619836,5,5,2-97,7.0,10-38,3.0,14-34,3.0,40-61,6.0,68-85,4.0,,,,,9-90,82.0,13-35,23.0,17-31,15.0,46-55,10.0,72-81,10.0,,,,,,,,,,,,,,,,,,,,,,,,,,,,,,,,,,,,,,,,,,,,,,,,,,,,,,,,
RV-UML-m203,AAAAAGTGTGTATTAGGAGGAGAGAGAGGAAAAAAAGAGGAAA,...........................................,0.0,43,0.3488372093023256,0,0.0,0,0,,,,,,,,,,,,,,,,,,,,,,,,,,,,,,,,,,,,,,,,,,,,,,,,,,,,,,,,,,,,,,,,,,,,,,,,,,,,,,,,
RV-UML-m204,GGGCCAGCCCCACCCCCAGCCAGGCTATGGTTGCCACCCCAACCCAATAAAACTGATGTTACTAGCCTCTCAAGGCCCTTTAATCCTTT,(((((.((..........)).((((((.(((((......)))))......(((....)))..)))))).....)))))...........,-19.0,89,0.550561797752809,21,0.47191011235955055,5,5,1-78,5.0,7-20,2.0,22-68,6.0,29-44,5.0,51-60,3.0,,,,,6-73,68.0,9-18,10.0,28-62,35.0,34-39,6.0,54-57,4.0,,,,,,,,,,,,,,,,,,,,,,,,,,,,,,,,,,,,,,,,,,,,,,,,,,,,,,,,
RV-UML-m205,GATGGGGGGCATGGCCCTGGCTGCCAGATGCCCACAGCA,(.((..(((((((((.......))))..))))).)).).,-13.399999618530273,39,0.6923076923076923,12,0.6153846153846154,4,4,1-38,1.0,3-36,2.0,7-33,5.0,12-26,4.0,,,,,,,2-37,36.0,5-34,30.0,12-28,17.0,16-22,7.0,,,,,,,,,,,,,,,,,,,,,,,,,,,,,,,,,,,,,,,,,,,,,,,,,,,,,,,,,,
RV-UML-m206,GCTGGAGCCTCGGTGGCCATGCTTCTTGCCCCTTGGGCCTCCCCCCAGCCCCTCCTCCCCTTCCTGCACCCGTACCCCCGTGGTCTTTGAATAAAGTCTGAGTGGGCGGCA,...(((((((.((.(((..........)))))..))).))))..((.(((((((......(((....(((((......)).)))....)))........))).))))))..,-29.5,111,0.6576576576576577,29,0.5225225225225225,10,10,4-42,4.0,8-37,3.0,12-32,2.0,15-30,3.0,45-109,2.0,48-107,4.0,52-102,3.0,8-38,31.0,11-34,24.0,14-30,17.0,18-27,10.0,47-107,61.0,52-103,52.0,55-99,45.0,61-91,3.0,68-84,3.0,71-80,2.0,64-88,25.0,71-81,11.0,73-78,6.0,,,,,,,,,,,,,,,,,,,,,,,,,,,,,,,,,,,,,,,,
RV-UML-m207,GCTCGCTTTCTTGCTGTCCAATTTCTATTAAAGGTTCCTTTGTTCCCTAAGTCCAACTACTAAACTGGGGGATATTATGAAGGGCCTTGAGCATCTGGATTCTGCCTAATAAAAAACATTTATTTTCATTGCAA,((((((......))................(((((.((((((((((((.(((...........))).)))))....))))))))))))))))..........(((..((((((.....))))))......))).,-25.200000762939453,134,0.3805970149253731,35,0.5223880597014925,8,8,1-92,4.0,5-14,2.0,31-88,5.0,37-83,7.0,44-72,5.0,50-66,3.0,103-133,3.0,5-88,84.0,7-12,6.0,36-83,48.0,44-76,33.0,49-67,19.0,53-63,11.0,106-130,25.0,108-124,6.0,,,,,114-118,5.0,,,,,,,,,,,,,,,,,,,,,,,,,,,,,,,,,,,,,,,,,,,,
RV-UML-m208,GCCCTGGAACTCCTAAACCTTTGCCCCTGGGGCTTCCATCCCAACCAGTGCCAAGGACCTCCTCTTCCCCCTTCCAAATAATAAAGTCTATGGACAGGGCTGTCTCTGAAGTACTAACAC,....(((((((((...............)))).)))))........(((((((.((((..........((((((((..............)))).))))..)))).))..))))).....,-23.0,120,0.525,28,0.4666666666666667,7,7,5-38,5.0,10-32,4.0,47-115,5.0,52-108,2.0,55-105,4.0,69-99,4.0,73-94,4.0,10-33,24.0,14-28,15.0,52-110,59.0,54-106,53.0,59-101,43.0,73-95,23.0,77-90,14.0,,,,,,,,,,,,,,,,,,,,,,,,,,,,,,,,,,,,,,,,,,,,,,,,,,,,
RV-UML-m209,AGTTAAAACGTCACAAAGGTGCTGCTTTTACAGGGAAGCTTATTCTGTTTT,................(((....((((((....))))))....))).....,-5.599999904632568,51,0.37254901960784315,9,0.35294117647058826,2,2,17-46,3.0,24-39,6.0,,,,,,,,,,,20-43,24.0,30-33,4.0,,,,,,,,,,,,,,,,,,,,,,,,,,,,,,,,,,,,,,,,,,,,,,,,,,,,,,,,,,,,,,
RV-UML-m210,GCTGGAGCCTCGGTAGCCGTTCCTCCTGCCCGCTGGGCCTCCCAACGGGCCCTCCTCCCCTCCTTGCACCGGCCCTTCCTGGTCTTTGAATAAAGTCTGAGTGGGCAGCA,...((((...(((...)))...))))((((((((((((((......))))))...............(((((......)))))((((....))))....))))))))...,-36.5,110,0.6545454545454545,30,0.5454545454545454,6,6,4-26,4.0,11-19,3.0,27-107,8.0,35-52,6.0,68-83,5.0,84-95,4.0,,,8-22,15.0,14-16,3.0,35-99,65.0,41-46,6.0,73-78,6.0,88-91,4.0,,,,,,,,,,,,,,,,,,,,,,,,,,,,,,,,,,,,,,,,,,,,,,,,,,,,,,
RV-UML-m211,GTAGCTCTCTGAAGGCTTTTTACCCAGCAATGTCCTCAATGAGGGTCTTTTCTTTCCCTCACCAAAACCCAGCCTTGCCCGTGGGGAGTAAGAGTTAATAAACACACTCACGAAAAGTTCT,.(((((((.(((.(((...............))).))).((((((..........))))))......((((..........)))).....)))))))........................,-22.100000381469727,121,0.4628099173553719,23,0.38016528925619836,5,5,2-97,7.0,10-38,3.0,14-34,3.0,40-61,6.0,68-85,4.0,,,,,9-90,82.0,13-35,23.0,17-31,15.0,46-55,10.0,72-81,10.0,,,,,,,,,,,,,,,,,,,,,,,,,,,,,,,,,,,,,,,,,,,,,,,,,,,,,,,,
RV-UML-m212,GGAGCTGAGTTCTTAAAGACTGAAGACAGGCTATTCTCTGGAGAAAAATAAAATGGAAATTGTACTTAA,((((...(((((((........))))...)))...))))..............................,-5.699999809265137,69,0.34782608695652173,11,0.3188405797101449,3,3,1-39,4.0,8-32,3.0,11-26,4.0,,,,,,,,,5-35,31.0,11-29,19.0,15-22,8.0,,,,,,,,,,,,,,,,,,,,,,,,,,,,,,,,,,,,,,,,,,,,,,,,,,,,,,,,,,,,
RV-UML-m213,AAAAAGTGTGTATTAGGAGGAGAGAGAGGAAAAAAAGAGGAAA,...........................................,0.0,43,0.3488372093023256,0,0.0,0,0,,,,,,,,,,,,,,,,,,,,,,,,,,,,,,,,,,,,,,,,,,,,,,,,,,,,,,,,,,,,,,,,,,,,,,,,,,,,,,,,
RV-UML-m214,GGGCCAGCCCCACCCCCAGCCAGGCTATGGTTGCCACCCCAACCCAATAAAACTGATGTTACTAGCCTCTCAAGGCCCTTTAATCCTTT,(((((.((..........)).((((((.(((((......)))))......(((....)))..)))))).....)))))...........,-19.0,89,0.550561797752809,21,0.47191011235955055,5,5,1-78,5.0,7-20,2.0,22-68,6.0,29-44,5.0,51-60,3.0,,,,,6-73,68.0,9-18,10.0,28-62,35.0,34-39,6.0,54-57,4.0,,,,,,,,,,,,,,,,,,,,,,,,,,,,,,,,,,,,,,,,,,,,,,,,,,,,,,,,
RV-UML-m215,GATGGGGGGCATGGCCCTGGCTGCCAGATGCCCACAGCA,(.((..(((((((((.......))))..))))).)).).,-13.399999618530273,39,0.6923076923076923,12,0.6153846153846154,4,4,1-38,1.0,3-36,2.0,7-33,5.0,12-26,4.0,,,,,,,2-37,36.0,5-34,30.0,12-28,17.0,16-22,7.0,,,,,,,,,,,,,,,,,,,,,,,,,,,,,,,,,,,,,,,,,,,,,,,,,,,,,,,,,,
RV-UML-m216,GCTGGAGCCTCGGTGGCCATGCTTCTTGCCCCTTGGGCCTCCCCCCAGCCCCTCCTCCCCTTCCTGCACCCGTACCCCCGTGGTCTTTGAATAAAGTCTGAGTGGGCGGCA,...(((((((.((.(((..........)))))..))).))))..((.(((((((......(((....(((((......)).)))....)))........))).))))))..,-29.5,111,0.6576576576576577,29,0.5225225225225225,10,10,4-42,4.0,8-37,3.0,12-32,2.0,15-30,3.0,45-109,2.0,48-107,4.0,52-102,3.0,8-38,31.0,11-34,24.0,14-30,17.0,18-27,10.0,47-107,61.0,52-103,52.0,55-99,45.0,61-91,3.0,68-84,3.0,71-80,2.0,64-88,25.0,71-81,11.0,73-78,6.0,,,,,,,,,,,,,,,,,,,,,,,,,,,,,,,,,,,,,,,,
RV-UML-m217,GCTCGCTTTCTTGCTGTCCAATTTCTATTAAAGGTTCCTTTGTTCCCTAAGTCCAACTACTAAACTGGGGGATATTATGAAGGGCCTTGAGCATCTGGATTCTGCCTAATAAAAAACATTTATTTTCATTGCAA,((((((......))................(((((.((((((((((((.(((...........))).)))))....))))))))))))))))..........(((..((((((.....))))))......))).,-25.200000762939453,134,0.3805970149253731,35,0.5223880597014925,8,8,1-92,4.0,5-14,2.0,31-88,5.0,37-83,7.0,44-72,5.0,50-66,3.0,103-133,3.0,5-88,84.0,7-12,6.0,36-83,48.0,44-76,33.0,49-67,19.0,53-63,11.0,106-130,25.0,108-124,6.0,,,,,114-118,5.0,,,,,,,,,,,,,,,,,,,,,,,,,,,,,,,,,,,,,,,,,,,,
RV-UML-m218,GCCCTGGAACTCCTAAACCTTTGCCCCTGGGGCTTCCATCCCAACCAGTGCCAAGGACCTCCTCTTCCCCCTTCCAAATAATAAAGTCTATGGACAGGGCTGTCTCTGAAGTACTAACAC,....(((((((((...............)))).)))))........(((((((.((((..........((((((((..............)))).))))..)))).))..))))).....,-23.0,120,0.525,28,0.4666666666666667,7,7,5-38,5.0,10-32,4.0,47-115,5.0,52-108,2.0,55-105,4.0,69-99,4.0,73-94,4.0,10-33,24.0,14-28,15.0,52-110,59.0,54-106,53.0,59-101,43.0,73-95,23.0,77-90,14.0,,,,,,,,,,,,,,,,,,,,,,,,,,,,,,,,,,,,,,,,,,,,,,,,,,,,
RV-UML-m219,AGTTAAAACGTCACAAAGGTGCTGCTTTTACAGGGAAGCTTATTCTGTTTT,................(((....((((((....))))))....))).....,-5.599999904632568,51,0.37254901960784315,9,0.35294117647058826,2,2,17-46,3.0,24-39,6.0,,,,,,,,,,,20-43,24.0,30-33,4.0,,,,,,,,,,,,,,,,,,,,,,,,,,,,,,,,,,,,,,,,,,,,,,,,,,,,,,,,,,,,,,
RV-UML-m220,GCTGGAGCCTCGGTAGCCGTTCCTCCTGCCCGCTGGGCCTCCCAACGGGCCCTCCTCCCCTCCTTGCACCGGCCCTTCCTGGTCTTTGAATAAAGTCTGAGTGGGCAGCA,...((((...(((...)))...))))((((((((((((((......))))))...............(((((......)))))((((....))))....))))))))...,-36.5,110,0.6545454545454545,30,0.5454545454545454,6,6,4-26,4.0,11-19,3.0,27-107,8.0,35-52,6.0,68-83,5.0,84-95,4.0,,,8-22,15.0,14-16,3.0,35-99,65.0,41-46,6.0,73-78,6.0,88-91,4.0,,,,,,,,,,,,,,,,,,,,,,,,,,,,,,,,,,,,,,,,,,,,,,,,,,,,,,
RV-UML-m222,GGAGCTGAGTTCTTAAAGACTGAAGACAGGCTATTCTCTGGAGAAAAATAAAATGGAAATTGTACTTAA,((((...(((((((........))))...)))...))))..............................,-5.699999809265137,69,0.34782608695652173,11,0.3188405797101449,3,3,1-39,4.0,8-32,3.0,11-26,4.0,,,,,,,,,5-35,31.0,11-29,19.0,15-22,8.0,,,,,,,,,,,,,,,,,,,,,,,,,,,,,,,,,,,,,,,,,,,,,,,,,,,,,,,,,,,,
RV-UML-m223,AAAAAGTGTGTATTAGGAGGAGAGAGAGGAAAAAAAGAGGAAA,...........................................,0.0,43,0.3488372093023256,0,0.0,0,0,,,,,,,,,,,,,,,,,,,,,,,,,,,,,,,,,,,,,,,,,,,,,,,,,,,,,,,,,,,,,,,,,,,,,,,,,,,,,,,,
RV-UML-m224,GGGCCAGCCCCACCCCCAGCCAGGCTATGGTTGCCACCCCAACCCAATAAAACTGATGTTACTAGCCTCTCAAGGCCCTTTAATCCTTT,(((((.((..........)).((((((.(((((......)))))......(((....)))..)))))).....)))))...........,-19.0,89,0.550561797752809,21,0.47191011235955055,5,5,1-78,5.0,7-20,2.0,22-68,6.0,29-44,5.0,51-60,3.0,,,,,6-73,68.0,9-18,10.0,28-62,35.0,34-39,6.0,54-57,4.0,,,,,,,,,,,,,,,,,,,,,,,,,,,,,,,,,,,,,,,,,,,,,,,,,,,,,,,,
RV-UML-m225,GATGGGGGGCATGGCCCTGGCTGCCAGATGCCCACAGCA,(.((..(((((((((.......))))..))))).)).).,-13.399999618530273,39,0.6923076923076923,12,0.6153846153846154,4,4,1-38,1.0,3-36,2.0,7-33,5.0,12-26,4.0,,,,,,,2-37,36.0,5-34,30.0,12-28,17.0,16-22,7.0,,,,,,,,,,,,,,,,,,,,,,,,,,,,,,,,,,,,,,,,,,,,,,,,,,,,,,,,,,
RV-UML-m226,GCTGGAGCCTCGGTGGCCATGCTTCTTGCCCCTTGGGCCTCCCCCCAGCCCCTCCTCCCCTTCCTGCACCCGTACCCCCGTGGTCTTTGAATAAAGTCTGAGTGGGCGGCA,...(((((((.((.(((..........)))))..))).))))..((.(((((((......(((....(((((......)).)))....)))........))).))))))..,-29.5,111,0.6576576576576577,29,0.5225225225225225,10,10,4-42,4.0,8-37,3.0,12-32,2.0,15-30,3.0,45-109,2.0,48-107,4.0,52-102,3.0,8-38,31.0,11-34,24.0,14-30,17.0,18-27,10.0,47-107,61.0,52-103,52.0,55-99,45.0,61-91,3.0,68-84,3.0,71-80,2.0,64-88,25.0,71-81,11.0,73-78,6.0,,,,,,,,,,,,,,,,,,,,,,,,,,,,,,,,,,,,,,,,
RV-UML-m227,GCTCGCTTTCTTGCTGTCCAATTTCTATTAAAGGTTCCTTTGTTCCCTAAGTCCAACTACTAAACTGGGGGATATTATGAAGGGCCTTGAGCATCTGGATTCTGCCTAATAAAAAACATTTATTTTCATTGCAA,((((((......))................(((((.((((((((((((.(((...........))).)))))....))))))))))))))))..........(((..((((((.....))))))......))).,-25.200000762939453,134,0.3805970149253731,35,0.5223880597014925,8,8,1-92,4.0,5-14,2.0,31-88,5.0,37-83,7.0,44-72,5.0,50-66,3.0,103-133,3.0,5-88,84.0,7-12,6.0,36-83,48.0,44-76,33.0,49-67,19.0,53-63,11.0,106-130,25.0,108-124,6.0,,,,,114-118,5.0,,,,,,,,,,,,,,,,,,,,,,,,,,,,,,,,,,,,,,,,,,,,
RV-UML-m228,GCCCTGGAACTCCTAAACCTTTGCCCCTGGGGCTTCCATCCCAACCAGTGCCAAGGACCTCCTCTTCCCCCTTCCAAATAATAAAGTCTATGGACAGGGCTGTCTCTGAAGTACTAACAC,....(((((((((...............)))).)))))........(((((((.((((..........((((((((..............)))).))))..)))).))..))))).....,-23.0,120,0.525,28,0.4666666666666667,7,7,5-38,5.0,10-32,4.0,47-115,5.0,52-108,2.0,55-105,4.0,69-99,4.0,73-94,4.0,10-33,24.0,14-28,15.0,52-110,59.0,54-106,53.0,59-101,43.0,73-95,23.0,77-90,14.0,,,,,,,,,,,,,,,,,,,,,,,,,,,,,,,,,,,,,,,,,,,,,,,,,,,,
RV-UML-m229,AGTTAAAACGTCACAAAGGTGCTGCTTTTACAGGGAAGCTTATTCTGTTTT,................(((....((((((....))))))....))).....,-5.599999904632568,51,0.37254901960784315,9,0.35294117647058826,2,2,17-46,3.0,24-39,6.0,,,,,,,,,,,20-43,24.0,30-33,4.0,,,,,,,,,,,,,,,,,,,,,,,,,,,,,,,,,,,,,,,,,,,,,,,,,,,,,,,,,,,,,,
RV-UML-m230,GCTGGAGCCTCGGTAGCCGTTCCTCCTGCCCGCTGGGCCTCCCAACGGGCCCTCCTCCCCTCCTTGCACCGGCCCTTCCTGGTCTTTGAATAAAGTCTGAGTGGGCAGCA,...((((...(((...)))...))))((((((((((((((......))))))...............(((((......)))))((((....))))....))))))))...,-36.5,110,0.6545454545454545,30,0.5454545454545454,6,6,4-26,4.0,11-19,3.0,27-107,8.0,35-52,6.0,68-83,5.0,84-95,4.0,,,8-22,15.0,14-16,3.0,35-99,65.0,41-46,6.0,73-78,6.0,88-91,4.0,,,,,,,,,,,,,,,,,,,,,,,,,,,,,,,,,,,,,,,,,,,,,,,,,,,,,,
RV-UML-m231,GTAGCTCTCTGAAGGCTTTTTACCCAGCAATGTCCTCAATGAGGGTCTTTTCTTTCCCTCACCAAAACCCAGCCTTGCCCGTGGGGAGTAAGAGTTAATAAACACACTCACGAAAAGTTCT,.(((((((.(((.(((...............))).))).((((((..........))))))......((((..........)))).....)))))))........................,-22.100000381469727,121,0.4628099173553719,23,0.38016528925619836,5,5,2-97,7.0,10-38,3.0,14-34,3.0,40-61,6.0,68-85,4.0,,,,,9-90,82.0,13-35,23.0,17-31,15.0,46-55,10.0,72-81,10.0,,,,,,,,,,,,,,,,,,,,,,,,,,,,,,,,,,,,,,,,,,,,,,,,,,,,,,,,
RV-UML-m232,GGAGCTGAGTTCTTAAAGACTGAAGACAGGCTATTCTCTGGAGAAAAATAAAATGGAAATTGTACTTAA,((((...(((((((........))))...)))...))))..............................,-5.699999809265137,69,0.34782608695652173,11,0.3188405797101449,3,3,1-39,4.0,8-32,3.0,11-26,4.0,,,,,,,,,5-35,31.0,11-29,19.0,15-22,8.0,,,,,,,,,,,,,,,,,,,,,,,,,,,,,,,,,,,,,,,,,,,,,,,,,,,,,,,,,,,,
RV-UML-m233,AAAAAGTGTGTATTAGGAGGAGAGAGAGGAAAAAAAGAGGAAA,...........................................,0.0,43,0.3488372093023256,0,0.0,0,0,,,,,,,,,,,,,,,,,,,,,,,,,,,,,,,,,,,,,,,,,,,,,,,,,,,,,,,,,,,,,,,,,,,,,,,,,,,,,,,,
RV-UML-m234,GGGCCAGCCCCACCCCCAGCCAGGCTATGGTTGCCACCCCAACCCAATAAAACTGATGTTACTAGCCTCTCAAGGCCCTTTAATCCTTT,(((((.((..........)).((((((.(((((......)))))......(((....)))..)))))).....)))))...........,-19.0,89,0.550561797752809,21,0.47191011235955055,5,5,1-78,5.0,7-20,2.0,22-68,6.0,29-44,5.0,51-60,3.0,,,,,6-73,68.0,9-18,10.0,28-62,35.0,34-39,6.0,54-57,4.0,,,,,,,,,,,,,,,,,,,,,,,,,,,,,,,,,,,,,,,,,,,,,,,,,,,,,,,,
RV-UML-m235,GATGGGGGGCATGGCCCTGGCTGCCAGATGCCCACAGCA,(.((..(((((((((.......))))..))))).)).).,-13.399999618530273,39,0.6923076923076923,12,0.6153846153846154,4,4,1-38,1.0,3-36,2.0,7-33,5.0,12-26,4.0,,,,,,,2-37,36.0,5-34,30.0,12-28,17.0,16-22,7.0,,,,,,,,,,,,,,,,,,,,,,,,,,,,,,,,,,,,,,,,,,,,,,,,,,,,,,,,,,
RV-UML-m236,GCTGGAGCCTCGGTGGCCATGCTTCTTGCCCCTTGGGCCTCCCCCCAGCCCCTCCTCCCCTTCCTGCACCCGTACCCCCGTGGTCTTTGAATAAAGTCTGAGTGGGCGGCA,...(((((((.((.(((..........)))))..))).))))..((.(((((((......(((....(((((......)).)))....)))........))).))))))..,-29.5,111,0.6576576576576577,29,0.5225225225225225,10,10,4-42,4.0,8-37,3.0,12-32,2.0,15-30,3.0,45-109,2.0,48-107,4.0,52-102,3.0,8-38,31.0,11-34,24.0,14-30,17.0,18-27,10.0,47-107,61.0,52-103,52.0,55-99,45.0,61-91,3.0,68-84,3.0,71-80,2.0,64-88,25.0,71-81,11.0,73-78,6.0,,,,,,,,,,,,,,,,,,,,,,,,,,,,,,,,,,,,,,,,
RV-UML-m237,GCTCGCTTTCTTGCTGTCCAATTTCTATTAAAGGTTCCTTTGTTCCCTAAGTCCAACTACTAAACTGGGGGATATTATGAAGGGCCTTGAGCATCTGGATTCTGCCTAATAAAAAACATTTATTTTCATTGCAA,((((((......))................(((((.((((((((((((.(((...........))).)))))....))))))))))))))))..........(((..((((((.....))))))......))).,-25.200000762939453,134,0.3805970149253731,35,0.5223880597014925,8,8,1-92,4.0,5-14,2.0,31-88,5.0,37-83,7.0,44-72,5.0,50-66,3.0,103-133,3.0,5-88,84.0,7-12,6.0,36-83,48.0,44-76,33.0,49-67,19.0,53-63,11.0,106-130,25.0,108-124,6.0,,,,,114-118,5.0,,,,,,,,,,,,,,,,,,,,,,,,,,,,,,,,,,,,,,,,,,,,
RV-UML-m238,GCCCTGGAACTCCTAAACCTTTGCCCCTGGGGCTTCCATCCCAACCAGTGCCAAGGACCTCCTCTTCCCCCTTCCAAATAATAAAGTCTATGGACAGGGCTGTCTCTGAAGTACTAACAC,....(((((((((...............)))).)))))........(((((((.((((..........((((((((..............)))).))))..)))).))..))))).....,-23.0,120,0.525,28,0.4666666666666667,7,7,5-38,5.0,10-32,4.0,47-115,5.0,52-108,2.0,55-105,4.0,69-99,4.0,73-94,4.0,10-33,24.0,14-28,15.0,52-110,59.0,54-106,53.0,59-101,43.0,73-95,23.0,77-90,14.0,,,,,,,,,,,,,,,,,,,,,,,,,,,,,,,,,,,,,,,,,,,,,,,,,,,,
RV-UML-m239,AGTTAAAACGTCACAAAGGTGCTGCTTTTACAGGGAAGCTTATTCTGTTTT,................(((....((((((....))))))....))).....,-5.599999904632568,51,0.37254901960784315,9,0.35294117647058826,2,2,17-46,3.0,24-39,6.0,,,,,,,,,,,20-43,24.0,30-33,4.0,,,,,,,,,,,,,,,,,,,,,,,,,,,,,,,,,,,,,,,,,,,,,,,,,,,,,,,,,,,,,,
RV-UML-m240,GCTGGAGCCTCGGTAGCCGTTCCTCCTGCCCGCTGGGCCTCCCAACGGGCCCTCCTCCCCTCCTTGCACCGGCCCTTCCTGGTCTTTGAATAAAGTCTGAGTGGGCAGCA,...((((...(((...)))...))))((((((((((((((......))))))...............(((((......)))))((((....))))....))))))))...,-36.5,110,0.6545454545454545,30,0.5454545454545454,6,6,4-26,4.0,11-19,3.0,27-107,8.0,35-52,6.0,68-83,5.0,84-95,4.0,,,8-22,15.0,14-16,3.0,35-99,65.0,41-46,6.0,73-78,6.0,88-91,4.0,,,,,,,,,,,,,,,,,,,,,,,,,,,,,,,,,,,,,,,,,,,,,,,,,,,,,,
RV-UML-m241,GTAGCTCTCTGAAGGCTTTTTACCCAGCAATGTCCTCAATGAGGGTCTTTTCTTTCCCTCACCAAAACCCAGCCTTGCCCGTGGGGAGTAAGAGTTAATAAACACACTCACGAAAAGTTCT,.(((((((.(((.(((...............))).))).((((((..........))))))......((((..........)))).....)))))))........................,-22.100000381469727,121,0.4628099173553719,23,0.38016528925619836,5,5,2-97,7.0,10-38,3.0,14-34,3.0,40-61,6.0,68-85,4.0,,,,,9-90,82.0,13-35,23.0,17-31,15.0,46-55,10.0,72-81,10.0,,,,,,,,,,,,,,,,,,,,,,,,,,,,,,,,,,,,,,,,,,,,,,,,,,,,,,,,
RV-UML-m242,GGAGCTGAGTTCTTAAAGACTGAAGACAGGCTATTCTCTGGAGAAAAATAAAATGGAAATTGTACTTAA,((((...(((((((........))))...)))...))))..............................,-5.699999809265137,69,0.34782608695652173,11,0.3188405797101449,3,3,1-39,4.0,8-32,3.0,11-26,4.0,,,,,,,,,5-35,31.0,11-29,19.0,15-22,8.0,,,,,,,,,,,,,,,,,,,,,,,,,,,,,,,,,,,,,,,,,,,,,,,,,,,,,,,,,,,,
RV-UML-m243,AAAAAGTGTGTATTAGGAGGAGAGAGAGGAAAAAAAGAGGAAA,...........................................,0.0,43,0.3488372093023256,0,0.0,0,0,,,,,,,,,,,,,,,,,,,,,,,,,,,,,,,,,,,,,,,,,,,,,,,,,,,,,,,,,,,,,,,,,,,,,,,,,,,,,,,,
RV-UML-m244,GGGCCAGCCCCACCCCCAGCCAGGCTATGGTTGCCACCCCAACCCAATAAAACTGATGTTACTAGCCTCTCAAGGCCCTTTAATCCTTT,(((((.((..........)).((((((.(((((......)))))......(((....)))..)))))).....)))))...........,-19.0,89,0.550561797752809,21,0.47191011235955055,5,5,1-78,5.0,7-20,2.0,22-68,6.0,29-44,5.0,51-60,3.0,,,,,6-73,68.0,9-18,10.0,28-62,35.0,34-39,6.0,54-57,4.0,,,,,,,,,,,,,,,,,,,,,,,,,,,,,,,,,,,,,,,,,,,,,,,,,,,,,,,,
RV-UML-m245,GATGGGGGGCATGGCCCTGGCTGCCAGATGCCCACAGCA,(.((..(((((((((.......))))..))))).)).).,-13.399999618530273,39,0.6923076923076923,12,0.6153846153846154,4,4,1-38,1.0,3-36,2.0,7-33,5.0,12-26,4.0,,,,,,,2-37,36.0,5-34,30.0,12-28,17.0,16-22,7.0,,,,,,,,,,,,,,,,,,,,,,,,,,,,,,,,,,,,,,,,,,,,,,,,,,,,,,,,,,
RV-UML-m246,GCTGGAGCCTCGGTGGCCATGCTTCTTGCCCCTTGGGCCTCCCCCCAGCCCCTCCTCCCCTTCCTGCACCCGTACCCCCGTGGTCTTTGAATAAAGTCTGAGTGGGCGGCA,...(((((((.((.(((..........)))))..))).))))..((.(((((((......(((....(((((......)).)))....)))........))).))))))..,-29.5,111,0.6576576576576577,29,0.5225225225225225,10,10,4-42,4.0,8-37,3.0,12-32,2.0,15-30,3.0,45-109,2.0,48-107,4.0,52-102,3.0,8-38,31.0,11-34,24.0,14-30,17.0,18-27,10.0,47-107,61.0,52-103,52.0,55-99,45.0,61-91,3.0,68-84,3.0,71-80,2.0,64-88,25.0,71-81,11.0,73-78,6.0,,,,,,,,,,,,,,,,,,,,,,,,,,,,,,,,,,,,,,,,
RV-UML-m247,GCTCGCTTTCTTGCTGTCCAATTTCTATTAAAGGTTCCTTTGTTCCCTAAGTCCAACTACTAAACTGGGGGATATTATGAAGGGCCTTGAGCATCTGGATTCTGCCTAATAAAAAACATTTATTTTCATTGCAA,((((((......))................(((((.((((((((((((.(((...........))).)))))....))))))))))))))))..........(((..((((((.....))))))......))).,-25.200000762939453,134,0.3805970149253731,35,0.5223880597014925,8,8,1-92,4.0,5-14,2.0,31-88,5.0,37-83,7.0,44-72,5.0,50-66,3.0,103-133,3.0,5-88,84.0,7-12,6.0,36-83,48.0,44-76,33.0,49-67,19.0,53-63,11.0,106-130,25.0,108-124,6.0,,,,,114-118,5.0,,,,,,,,,,,,,,,,,,,,,,,,,,,,,,,,,,,,,,,,,,,,
RV-UML-m248,GCCCTGGAACTCCTAAACCTTTGCCCCTGGGGCTTCCATCCCAACCAGTGCCAAGGACCTCCTCTTCCCCCTTCCAAATAATAAAGTCTATGGACAGGGCTGTCTCTGAAGTACTAACAC,....(((((((((...............)))).)))))........(((((((.((((..........((((((((..............)))).))))..)))).))..))))).....,-23.0,120,0.525,28,0.4666666666666667,7,7,5-38,5.0,10-32,4.0,47-115,5.0,52-108,2.0,55-105,4.0,69-99,4.0,73-94,4.0,10-33,24.0,14-28,15.0,52-110,59.0,54-106,53.0,59-101,43.0,73-95,23.0,77-90,14.0,,,,,,,,,,,,,,,,,,,,,,,,,,,,,,,,,,,,,,,,,,,,,,,,,,,,
RV-UML-m249,AGTTAAAACGTCACAAAGGTGCTGCTTTTACAGGGAAGCTTATTCTGTTTT,................(((....((((((....))))))....))).....,-5.599999904632568,51,0.37254901960784315,9,0.35294117647058826,2,2,17-46,3.0,24-39,6.0,,,,,,,,,,,20-43,24.0,30-33,4.0,,,,,,,,,,,,,,,,,,,,,,,,,,,,,,,,,,,,,,,,,,,,,,,,,,,,,,,,,,,,,,
RV-UML-m250,GCTGGAGCCTCGGTAGCCGTTCCTCCTGCCCGCTGGGCCTCCCAACGGGCCCTCCTCCCCTCCTTGCACCGGCCCTTCCTGGTCTTTGAATAAAGTCTGAGTGGGCAGCA,...((((...(((...)))...))))((((((((((((((......))))))...............(((((......)))))((((....))))....))))))))...,-36.5,110,0.6545454545454545,30,0.5454545454545454,6,6,4-26,4.0,11-19,3.0,27-107,8.0,35-52,6.0,68-83,5.0,84-95,4.0,,,8-22,15.0,14-16,3.0,35-99,65.0,41-46,6.0,73-78,6.0,88-91,4.0,,,,,,,,,,,,,,,,,,,,,,,,,,,,,,,,,,,,,,,,,,,,,,,,,,,,,,
RV-UML-m251,GTAGCTCTCTGAAGGCTTTTTACCCAGCAATGTCCTCAATGAGGGTCTTTTCTTTCCCTCACCAAAACCCAGCCTTGCCCGTGGGGAGTAAGAGTTAATAAACACACTCACGAAAAGTTCT,.(((((((.(((.(((...............))).))).((((((..........))))))......((((..........)))).....)))))))........................,-22.100000381469727,121,0.4628099173553719,23,0.38016528925619836,5,5,2-97,7.0,10-38,3.0,14-34,3.0,40-61,6.0,68-85,4.0,,,,,9-90,82.0,13-35,23.0,17-31,15.0,46-55,10.0,72-81,10.0,,,,,,,,,,,,,,,,,,,,,,,,,,,,,,,,,,,,,,,,,,,,,,,,,,,,,,,,
RV-UML-m252,GGAGCTGAGTTCTTAAAGACTGAAGACAGGCTATTCTCTGGAGAAAAATAAAATGGAAATTGTACTTAA,((((...(((((((........))))...)))...))))..............................,-5.699999809265137,69,0.34782608695652173,11,0.3188405797101449,3,3,1-39,4.0,8-32,3.0,11-26,4.0,,,,,,,,,5-35,31.0,11-29,19.0,15-22,8.0,,,,,,,,,,,,,,,,,,,,,,,,,,,,,,,,,,,,,,,,,,,,,,,,,,,,,,,,,,,,
RV-UML-m253,AAAAAGTGTGTATTAGGAGGAGAGAGAGGAAAAAAAGAGGAAA,...........................................,0.0,43,0.3488372093023256,0,0.0,0,0,,,,,,,,,,,,,,,,,,,,,,,,,,,,,,,,,,,,,,,,,,,,,,,,,,,,,,,,,,,,,,,,,,,,,,,,,,,,,,,,
RV-UML-m254,GGGCCAGCCCCACCCCCAGCCAGGCTATGGTTGCCACCCCAACCCAATAAAACTGATGTTACTAGCCTCTCAAGGCCCTTTAATCCTTT,(((((.((..........)).((((((.(((((......)))))......(((....)))..)))))).....)))))...........,-19.0,89,0.550561797752809,21,0.47191011235955055,5,5,1-78,5.0,7-20,2.0,22-68,6.0,29-44,5.0,51-60,3.0,,,,,6-73,68.0,9-18,10.0,28-62,35.0,34-39,6.0,54-57,4.0,,,,,,,,,,,,,,,,,,,,,,,,,,,,,,,,,,,,,,,,,,,,,,,,,,,,,,,,
RV-UML-m255,GATGGGGGGCATGGCCCTGGCTGCCAGATGCCCACAGCA,(.((..(((((((((.......))))..))))).)).).,-13.399999618530273,39,0.6923076923076923,12,0.6153846153846154,4,4,1-38,1.0,3-36,2.0,7-33,5.0,12-26,4.0,,,,,,,2-37,36.0,5-34,30.0,12-28,17.0,16-22,7.0,,,,,,,,,,,,,,,,,,,,,,,,,,,,,,,,,,,,,,,,,,,,,,,,,,,,,,,,,,
RV-UML-m256,GCTGGAGCCTCGGTGGCCATGCTTCTTGCCCCTTGGGCCTCCCCCCAGCCCCTCCTCCCCTTCCTGCACCCGTACCCCCGTGGTCTTTGAATAAAGTCTGAGTGGGCGGCA,...(((((((.((.(((..........)))))..))).))))..((.(((((((......(((....(((((......)).)))....)))........))).))))))..,-29.5,111,0.6576576576576577,29,0.5225225225225225,10,10,4-42,4.0,8-37,3.0,12-32,2.0,15-30,3.0,45-109,2.0,48-107,4.0,52-102,3.0,8-38,31.0,11-34,24.0,14-30,17.0,18-27,10.0,47-107,61.0,52-103,52.0,55-99,45.0,61-91,3.0,68-84,3.0,71-80,2.0,64-88,25.0,71-81,11.0,73-78,6.0,,,,,,,,,,,,,,,,,,,,,,,,,,,,,,,,,,,,,,,,
RV-UML-m257,GCTCGCTTTCTTGCTGTCCAATTTCTATTAAAGGTTCCTTTGTTCCCTAAGTCCAACTACTAAACTGGGGGATATTATGAAGGGCCTTGAGCATCTGGATTCTGCCTAATAAAAAACATTTATTTTCATTGCAA,((((((......))................(((((.((((((((((((.(((...........))).)))))....))))))))))))))))..........(((..((((((.....))))))......))).,-25.200000762939453,134,0.3805970149253731,35,0.5223880597014925,8,8,1-92,4.0,5-14,2.0,31-88,5.0,37-83,7.0,44-72,5.0,50-66,3.0,103-133,3.0,5-88,84.0,7-12,6.0,36-83,48.0,44-76,33.0,49-67,19.0,53-63,11.0,106-130,25.0,108-124,6.0,,,,,114-118,5.0,,,,,,,,,,,,,,,,,,,,,,,,,,,,,,,,,,,,,,,,,,,,
RV-UML-m258,GCCCTGGAACTCCTAAACCTTTGCCCCTGGGGCTTCCATCCCAACCAGTGCCAAGGACCTCCTCTTCCCCCTTCCAAATAATAAAGTCTATGGACAGGGCTGTCTCTGAAGTACTAACAC,....(((((((((...............)))).)))))........(((((((.((((..........((((((((..............)))).))))..)))).))..))))).....,-23.0,120,0.525,28,0.4666666666666667,7,7,5-38,5.0,10-32,4.0,47-115,5.0,52-108,2.0,55-105,4.0,69-99,4.0,73-94,4.0,10-33,24.0,14-28,15.0,52-110,59.0,54-106,53.0,59-101,43.0,73-95,23.0,77-90,14.0,,,,,,,,,,,,,,,,,,,,,,,,,,,,,,,,,,,,,,,,,,,,,,,,,,,,
RV-UML-m259,AGTTAAAACGTCACAAAGGTGCTGCTTTTACAGGGAAGCTTATTCTGTTTT,................(((....((((((....))))))....))).....,-5.599999904632568,51,0.37254901960784315,9,0.35294117647058826,2,2,17-46,3.0,24-39,6.0,,,,,,,,,,,20-43,24.0,30-33,4.0,,,,,,,,,,,,,,,,,,,,,,,,,,,,,,,,,,,,,,,,,,,,,,,,,,,,,,,,,,,,,,
RV-UML-m260,GCTGGAGCCTCGGTAGCCGTTCCTCCTGCCCGCTGGGCCTCCCAACGGGCCCTCCTCCCCTCCTTGCACCGGCCCTTCCTGGTCTTTGAATAAAGTCTGAGTGGGCAGCA,...((((...(((...)))...))))((((((((((((((......))))))...............(((((......)))))((((....))))....))))))))...,-36.5,110,0.6545454545454545,30,0.5454545454545454,6,6,4-26,4.0,11-19,3.0,27-107,8.0,35-52,6.0,68-83,5.0,84-95,4.0,,,8-22,15.0,14-16,3.0,35-99,65.0,41-46,6.0,73-78,6.0,88-91,4.0,,,,,,,,,,,,,,,,,,,,,,,,,,,,,,,,,,,,,,,,,,,,,,,,,,,,,,
RV-UML-m261,GTAGCTCTCTGAAGGCTTTTTACCCAGCAATGTCCTCAATGAGGGTCTTTTCTTTCCCTCACCAAAACCCAGCCTTGCCCGTGGGGAGTAAGAGTTAATAAACACACTCACGAAAAGTTCT,.(((((((.(((.(((...............))).))).((((((..........))))))......((((..........)))).....)))))))........................,-22.100000381469727,121,0.4628099173553719,23,0.38016528925619836,5,5,2-97,7.0,10-38,3.0,14-34,3.0,40-61,6.0,68-85,4.0,,,,,9-90,82.0,13-35,23.0,17-31,15.0,46-55,10.0,72-81,10.0,,,,,,,,,,,,,,,,,,,,,,,,,,,,,,,,,,,,,,,,,,,,,,,,,,,,,,,,
RV-UML-m263,AAAAAGTGTGTATTAGGAGGAGAGAGAGGAAAAAAAGAGGAAA,...........................................,0.0,43,0.3488372093023256,0,0.0,0,0,,,,,,,,,,,,,,,,,,,,,,,,,,,,,,,,,,,,,,,,,,,,,,,,,,,,,,,,,,,,,,,,,,,,,,,,,,,,,,,,
RV-UML-m264,GGGCCAGCCCCACCCCCAGCCAGGCTATGGTTGCCACCCCAACCCAATAAAACTGATGTTACTAGCCTCTCAAGGCCCTTTAATCCTTT,(((((.((..........)).((((((.(((((......)))))......(((....)))..)))))).....)))))...........,-19.0,89,0.550561797752809,21,0.47191011235955055,5,5,1-78,5.0,7-20,2.0,22-68,6.0,29-44,5.0,51-60,3.0,,,,,6-73,68.0,9-18,10.0,28-62,35.0,34-39,6.0,54-57,4.0,,,,,,,,,,,,,,,,,,,,,,,,,,,,,,,,,,,,,,,,,,,,,,,,,,,,,,,,
RV-UML-m265,GATGGGGGGCATGGCCCTGGCTGCCAGATGCCCACAGCA,(.((..(((((((((.......))))..))))).)).).,-13.399999618530273,39,0.6923076923076923,12,0.6153846153846154,4,4,1-38,1.0,3-36,2.0,7-33,5.0,12-26,4.0,,,,,,,2-37,36.0,5-34,30.0,12-28,17.0,16-22,7.0,,,,,,,,,,,,,,,,,,,,,,,,,,,,,,,,,,,,,,,,,,,,,,,,,,,,,,,,,,
RV-UML-m266,GCTGGAGCCTCGGTGGCCATGCTTCTTGCCCCTTGGGCCTCCCCCCAGCCCCTCCTCCCCTTCCTGCACCCGTACCCCCGTGGTCTTTGAATAAAGTCTGAGTGGGCGGCA,...(((((((.((.(((..........)))))..))).))))..((.(((((((......(((....(((((......)).)))....)))........))).))))))..,-29.5,111,0.6576576576576577,29,0.5225225225225225,10,10,4-42,4.0,8-37,3.0,12-32,2.0,15-30,3.0,45-109,2.0,48-107,4.0,52-102,3.0,8-38,31.0,11-34,24.0,14-30,17.0,18-27,10.0,47-107,61.0,52-103,52.0,55-99,45.0,61-91,3.0,68-84,3.0,71-80,2.0,64-88,25.0,71-81,11.0,73-78,6.0,,,,,,,,,,,,,,,,,,,,,,,,,,,,,,,,,,,,,,,,
RV-UML-m267,GCTCGCTTTCTTGCTGTCCAATTTCTATTAAAGGTTCCTTTGTTCCCTAAGTCCAACTACTAAACTGGGGGATATTATGAAGGGCCTTGAGCATCTGGATTCTGCCTAATAAAAAACATTTATTTTCATTGCAA,((((((......))................(((((.((((((((((((.(((...........))).)))))....))))))))))))))))..........(((..((((((.....))))))......))).,-25.200000762939453,134,0.3805970149253731,35,0.5223880597014925,8,8,1-92,4.0,5-14,2.0,31-88,5.0,37-83,7.0,44-72,5.0,50-66,3.0,103-133,3.0,5-88,84.0,7-12,6.0,36-83,48.0,44-76,33.0,49-67,19.0,53-63,11.0,106-130,25.0,108-124,6.0,,,,,114-118,5.0,,,,,,,,,,,,,,,,,,,,,,,,,,,,,,,,,,,,,,,,,,,,
RV-UML-m268,GCCCTGGAACTCCTAAACCTTTGCCCCTGGGGCTTCCATCCCAACCAGTGCCAAGGACCTCCTCTTCCCCCTTCCAAATAATAAAGTCTATGGACAGGGCTGTCTCTGAAGTACTAACAC,....(((((((((...............)))).)))))........(((((((.((((..........((((((((..............)))).))))..)))).))..))))).....,-23.0,120,0.525,28,0.4666666666666667,7,7,5-38,5.0,10-32,4.0,47-115,5.0,52-108,2.0,55-105,4.0,69-99,4.0,73-94,4.0,10-33,24.0,14-28,15.0,52-110,59.0,54-106,53.0,59-101,43.0,73-95,23.0,77-90,14.0,,,,,,,,,,,,,,,,,,,,,,,,,,,,,,,,,,,,,,,,,,,,,,,,,,,,
RV-UML-m269,AGTTAAAACGTCACAAAGGTGCTGCTTTTACAGGGAAGCTTATTCTGTTTT,................(((....((((((....))))))....))).....,-5.599999904632568,51,0.37254901960784315,9,0.35294117647058826,2,2,17-46,3.0,24-39,6.0,,,,,,,,,,,20-43,24.0,30-33,4.0,,,,,,,,,,,,,,,,,,,,,,,,,,,,,,,,,,,,,,,,,,,,,,,,,,,,,,,,,,,,,,
RV-UML-m270,GCTGGAGCCTCGGTAGCCGTTCCTCCTGCCCGCTGGGCCTCCCAACGGGCCCTCCTCCCCTCCTTGCACCGGCCCTTCCTGGTCTTTGAATAAAGTCTGAGTGGGCAGCA,...((((...(((...)))...))))((((((((((((((......))))))...............(((((......)))))((((....))))....))))))))...,-36.5,110,0.6545454545454545,30,0.5454545454545454,6,6,4-26,4.0,11-19,3.0,27-107,8.0,35-52,6.0,68-83,5.0,84-95,4.0,,,8-22,15.0,14-16,3.0,35-99,65.0,41-46,6.0,73-78,6.0,88-91,4.0,,,,,,,,,,,,,,,,,,,,,,,,,,,,,,,,,,,,,,,,,,,,,,,,,,,,,,
RV-UML-m271,GTAGCTCTCTGAAGGCTTTTTACCCAGCAATGTCCTCAATGAGGGTCTTTTCTTTCCCTCACCAAAACCCAGCCTTGCCCGTGGGGAGTAAGAGTTAATAAACACACTCACGAAAAGTTCT,.(((((((.(((.(((...............))).))).((((((..........))))))......((((..........)))).....)))))))........................,-22.100000381469727,121,0.4628099173553719,23,0.38016528925619836,5,5,2-97,7.0,10-38,3.0,14-34,3.0,40-61,6.0,68-85,4.0,,,,,9-90,82.0,13-35,23.0,17-31,15.0,46-55,10.0,72-81,10.0,,,,,,,,,,,,,,,,,,,,,,,,,,,,,,,,,,,,,,,,,,,,,,,,,,,,,,,,
RV-UML-m272,GGAGCTGAGTTCTTAAAGACTGAAGACAGGCTATTCTCTGGAGAAAAATAAAATGGAAATTGTACTTAA,((((...(((((((........))))...)))...))))..............................,-5.699999809265137,69,0.34782608695652173,11,0.3188405797101449,3,3,1-39,4.0,8-32,3.0,11-26,4.0,,,,,,,,,5-35,31.0,11-29,19.0,15-22,8.0,,,,,,,,,,,,,,,,,,,,,,,,,,,,,,,,,,,,,,,,,,,,,,,,,,,,,,,,,,,,
RV-UML-m273,AAAAAGTGTGTATTAGGAGGAGAGAGAGGAAAAAAAGAGGAAA,...........................................,0.0,43,0.3488372093023256,0,0.0,0,0,,,,,,,,,,,,,,,,,,,,,,,,,,,,,,,,,,,,,,,,,,,,,,,,,,,,,,,,,,,,,,,,,,,,,,,,,,,,,,,,
RV-UML-m274,GGGCCAGCCCCACCCCCAGCCAGGCTATGGTTGCCACCCCAACCCAATAAAACTGATGTTACTAGCCTCTCAAGGCCCTTTAATCCTTT,(((((.((..........)).((((((.(((((......)))))......(((....)))..)))))).....)))))...........,-19.0,89,0.550561797752809,21,0.47191011235955055,5,5,1-78,5.0,7-20,2.0,22-68,6.0,29-44,5.0,51-60,3.0,,,,,6-73,68.0,9-18,10.0,28-62,35.0,34-39,6.0,54-57,4.0,,,,,,,,,,,,,,,,,,,,,,,,,,,,,,,,,,,,,,,,,,,,,,,,,,,,,,,,
RV-UML-m275,GATGGGGGGCATGGCCCTGGCTGCCAGATGCCCACAGCA,(.((..(((((((((.......))))..))))).)).).,-13.399999618530273,39,0.6923076923076923,12,0.6153846153846154,4,4,1-38,1.0,3-36,2.0,7-33,5.0,12-26,4.0,,,,,,,2-37,36.0,5-34,30.0,12-28,17.0,16-22,7.0,,,,,,,,,,,,,,,,,,,,,,,,,,,,,,,,,,,,,,,,,,,,,,,,,,,,,,,,,,
RV-UML-m377,AGAGGACATCCCTGCTGGGCTGCTGTGCAGAGTATAAGATTTTGGACTTGTTCATGTCCCCTCTCTCCCTATAAATGATGTATTTGTGACACCCTATCTTGTCAATAAACAGCATTCTGATTAGTTTGTCTTATTTTGTTGCTAGTAACTACGTATTTGTTTTATTCCCCTTTTCTTCCCTTTTGGTAGCAAAGGACACCAACTTTTTCTTAATAAATGGGTATTTTGCTAACAA,..((((((.(((....)))((((...))))......(((....((((........))))....)))..(((.....(((((.(((((((((........)))).)))))..))))).....)))..))))))......(((.((((((.(((.((((((((.......(((((.((..((....)).)).)))))................)))))))).)))..)))))).))),-44.0,235,0.37446808510638296,66,0.5617021276595745,16,16,3-132,6.0,10-19,3.0,20-30,4.0,37-66,3.0,44-59,4.0,69-124,3.0,77-116,5.0,9-126,118.0,13-16,4.0,24-26,3.0,40-63,24.0,48-55,8.0,72-121,50.0,82-111,30.0,83-109,5.0,88-103,4.0,139-235,3.0,88-104,17.0,92-99,8.0,142-232,91.0,143-231,6.0,150-223,3.0,154-219,8.0,169-195,5.0,175-189,2.0,179-186,2.0,149-225,77.0,153-220,68.0,162-211,50.0,174-190,17.0,177-187,11.0,181-184,4.0,,,,,,,,,,,,,,,,
RV-UML-m384,TTAGCCTGGCTCCCCAGGTTCTGGAACAGCTTTTTGTCCTGTACCCAGTGTTACCCTCGTTATTTTGTAACCTTCCAATTCCTGATCACCCAAGGGTTTTTTTGTGTCGGACTATGTAATTGTAACTATACCTCTGGTTCCCATTAAAAGTGACCATTTTAGTT,..(((((((....)))))))((((.((((.........))))..)))).(((((....(((((...)))))..(((.((....((..(((....)))..))....)).)))..........)))))........(((((.(........).)))))........,-26.799999237060547,164,0.42073170731707316,41,0.5,11,11,3-20,7.0,21-48,4.0,26-42,4.0,50-126,5.0,59-71,5.0,74-111,3.0,78-107,2.0,10-13,4.0,25-44,20.0,30-38,9.0,55-121,67.0,64-66,3.0,77-108,32.0,80-105,26.0,84-101,2.0,88-97,3.0,135-156,5.0,86-99,14.0,91-94,4.0,140-151,12.0,141-150,1.0,,,,,,,,,,,142-149,8.0,,,,,,,,,,,,,,,,,,,,,,,,,,
RV-UML-m387,TTCCTGAAAAGGGGAGTGTAACTAGTGGATTTGGGAAAGGTTCTTAAGTAGATCCTGAGACTATTTGCATGCTTCTGTCTAAATGATAATTAAAAGGAAA,(((((....(((((.((((((.(((((((((((...(((...)))...)))))))....)))).)))))).)))))(((.....))).......))))).,-21.700000762939453,100,0.36,33,0.66,7,7,1-99,5.0,10-76,5.0,16-70,6.0,23-63,4.0,27-55,7.0,37-45,3.0,77-87,3.0,6-94,89.0,15-71,57.0,22-64,43.0,27-59,33.0,34-48,15.0,40-42,3.0,80-84,5.0,,,,,,,,,,,,,,,,,,,,,,,,,,,,,,,,,,,,,,,,,,,,,,,,,,,,
RV-UML-m391,TGGCCATCCCTGGTGCAAGTGTTCATCCAGCCGTGCCAGGGCAACAGCCCACCCCCTAGTACAACTGATGCTCCCTGAGACAACCTGGGAGACAGCCTGGATCAGCCACATCAACTCAGTTGTCCACCACAGGGGAATTTTGAATGTCTTTTGTTTTTGTTTTGTTTTGAAAAATAATAAACAGGCAACTGTA,.(((...(((((((((...((......))...))))))))).....)))...(((((.((((((((((((....((((..((..(((.....)))..))..))))......))..)))))))).....))))))).........(((((...(((((((((((.......))))))).)))))))))......,-52.900001525878906,193,0.48186528497409326,56,0.5803108808290155,13,13,2-49,3.0,8-41,9.0,20-29,2.0,53-135,5.0,59-130,2.0,61-123,8.0,69-113,2.0,5-46,42.0,17-32,16.0,22-27,6.0,58-130,73.0,61-128,68.0,69-115,47.0,71-111,41.0,75-105,4.0,81-99,2.0,85-95,3.0,79-101,23.0,83-97,15.0,88-92,5.0,145-187,5.0,153-182,4.0,157-177,7.0,,,,,,,150-182,33.0,157-178,22.0,164-170,7.0,,,,,,,,,,,,,,,,,,,,,,
RV-UML-m393,ATCACTGAACCTTTTTTTCAAGAAGGACAAGAATTTTGGAGTCTGCTATTAATGGACCATATTTATTACAGTTTTTAAATTGTACAATCTCTGTATTATAGCTATTTGTCTAACATTACCCCACATGTAATAAATAAAACAATATGAGCATAATTGCCCCATAAAGAA,....((...(((((((...)))))))...)).....(((.((.((((..((.((.....(((((((((((..........(((((((...((((...))))....))))...)))..........)))))))))))...)).))..)))).....)).))).......,-23.100000381469727,168,0.2916666666666667,44,0.5238095238095238,11,11,5-31,2.0,10-26,7.0,37-161,3.0,41-157,2.0,44-150,4.0,50-144,2.0,53-141,2.0,7-29,23.0,17-19,3.0,40-158,119.0,43-155,113.0,48-146,99.0,52-142,91.0,55-139,85.0,60-136,11.0,81-115,3.0,84-109,4.0,71-125,55.0,84-112,29.0,88-105,18.0,91-101,4.0,,,,,,,,,,,95-97,3.0,,,,,,,,,,,,,,,,,,,,,,,,,,
RV-UML-m397,GGACAGGGCAGTCTTGGTGTGCAGCCCCTCTCCTCTCTGTCCCCTGACACTCCACAGTGTGCCTGCAACCCAAGTGGCCTTATCCGTGCAGTGGTGGCAGTTCAGAAATAAAGGGCCCATTTGTGGGATGCCGCATTCA,(((.(((((...(((((..(((((.(.(.((......((((....))))......)).).).)))))..)))))..))))).)))........((((((.((((.((((.........)))).)))).)))))).....,-42.0,139,0.5755395683453237,40,0.5755395683453237,11,11,1-85,3.0,5-81,5.0,13-74,5.0,20-67,5.0,26-61,1.0,28-59,1.0,30-57,2.0,4-82,79.0,10-76,67.0,18-69,52.0,25-62,38.0,27-60,34.0,29-58,30.0,32-55,24.0,38-49,4.0,94-134,6.0,101-127,4.0,42-45,4.0,100-128,29.0,105-123,19.0,106-122,4.0,,,,,,,,,,,110-118,9.0,,,,,,,,,,,,,,,,,,,,,,,,,,
RV-UML-m402,TGAGGGTACTTGAAGGGCTGATGGACAGGGGTCAGGCAACTATCCCAAAGGGGAGGGCACTACACTTCCTTGAGAGAAACCGCTGTCATTAATAAAAGGGGAGCAGCCCCTGAGCA,.(((....)))...((((((.......(((((.((....)))))))..((((((((......).)))))))........((.((............)).))..)))))).......,-30.5,116,0.5344827586206896,28,0.4827586206896552,8,8,2-11,3.0,15-109,6.0,28-46,5.0,34-41,2.0,49-71,7.0,56-63,1.0,80-101,2.0,5-8,4.0,21-103,83.0,33-41,9.0,36-39,4.0,56-64,9.0,57-62,6.0,82-99,18.0,83-98,2.0,,,,,85-96,12.0,,,,,,,,,,,,,,,,,,,,,,,,,,,,,,,,,,,,,,,,,,,,
RV-UML-m403,AGGGCCTTAATGTCACCCACCAGAAAACTAACTCCAAATAAACGCTTACCCTTTCCTTTA,.(((...........)))..........................................,-2.5999999046325684,60,0.4166666666666667,3,0.1,1,1,2-18,3.0,,,,,,,,,,,,,5-15,11.0,,,,,,,,,,,,,,,,,,,,,,,,,,,,,,,,,,,,,,,,,,,,,,,,,,,,,,,,,,,,,,,,
RV-UML-m404,CAGAGGAGAATAAAAAATGGCTGAGGTGAACAAGGTAAAACAACTACATTTTAAAAACTGACTTAATGCTCTTCAAAATAAAACATCACCTATTTAATGTTTTTAATCACATTTTGTATGGAGTTAAATAAAGTACAGTGCTTTTGTATATA,((((((.......((((((...(..((............))..)..))))))....((((((((.(((((((.(((((((((((((..........))))))).......))))))...)))))...)).)))).)))).))))))......,-18.299999237060547,152,0.27631578947368424,43,0.5657894736842105,10,10,1-146,6.0,14-52,6.0,23-44,1.0,26-41,2.0,57-139,4.0,61-134,4.0,66-129,2.0,7-140,134.0,20-46,27.0,24-43,20.0,28-39,12.0,61-135,75.0,65-130,66.0,68-127,60.0,68-124,5.0,74-116,6.0,80-103,7.0,73-119,47.0,80-110,31.0,87-96,10.0,,,,,,,,,,,,,,,,,,,,,,,,,,,,,,,,,,,,,,,,
RV-UML-m412,CTGGATGGGCGCAGAGAACCTCAAGAAGGCATGAAGCCAGCCCCTGCAGTGCCGTCCACCCGCCCCTCTGGGCCTGCCTGTGGCTCTGTTGCCCTCCTCTGTGGCGGCAGGACCTTTGTGGGGCTTCGTGCCCTGCTCTGGGGCCCAGGCGGGGCTGGTCCACATTCCCAGGCCCCAACAGCCTTCAAAGATGGGTAAAGGAGCTTGCCCTCCCTGGGCCCCCCACCTTGGTGACTCG,..((.((((..(((((...........((((((((((((((((..((((.(((.................)))))))..).))))(((((((((......).))))))))..((.....)))))))))))))...)))))(((((((((.(((((.(.(((.....(((((((.......)))........))))....))).)..))))).)))))))))))))))...........,-104.9000015258789,238,0.6638655462184874,70,0.5882352941176471,17,17,3-227,2.0,6-225,4.0,12-140,5.0,28-132,11.0,39-85,4.0,43-80,1.0,46-77,4.0,5-225,221.0,10-221,212.0,17-135,119.0,39-121,83.0,43-81,39.0,44-79,36.0,50-73,24.0,51-73,3.0,86-110,8.0,94-101,1.0,54-70,17.0,94-102,9.0,95-100,6.0,113-121,2.0,141-221,9.0,151-211,5.0,157-204,1.0,159-202,3.0,167-195,4.0,115-119,5.0,150-212,63.0,156-206,51.0,158-203,46.0,162-199,38.0,171-191,21.0,171-183,3.0,174-180,7.0,,,,,,,,,,,,
RV-UML-m416,TGCTCTGTGGGAGGGACTTTGCTGATTTCCCCTCTTCCCTTCAACATGAAAATATATACCCCCCCATGCAGTCTAAAATGCTTCAGTACTTGTGAAACACAGCTGTTCTTCTGTTCTGCAGACACGCCTTCCCCTCAGCCACACCCAGGCACTTAAGCACAAGCAGAGTGCACAGCTGTCCAC,......(((((((((..............))))).....((((...)))).................(((........)))((((.......))))..((((((((.((((((((.(((......((((.................))))......)))..))))))).).)))))))))))),-39.900001525878906,183,0.5027322404371585,43,0.46994535519125685,10,10,7-183,4.0,11-34,5.0,40-50,4.0,68-81,3.0,82-96,4.0,99-179,8.0,108-170,1.0,11-179,169.0,16-29,14.0,44-46,3.0,71-78,8.0,86-92,7.0,107-171,65.0,109-169,61.0,109-168,7.0,117-159,3.0,126-150,4.0,116-161,46.0,120-156,37.0,130-146,17.0,,,,,,,,,,,,,,,,,,,,,,,,,,,,,,,,,,,,,,,,
RV-UML-m418,AAGAAAAAAAAAATTCCTAAAACTGTGGAATGGATCACGTAGACATGTAACCCAGCAGCAGTTTGCTTCTGTTGTCCACTGATTAATCAGCCTATGTGCCTGACACTGGTCTTGCAGTACAACTGGAAGCCAAAACAAGGTGGAAGATGTCCTGAATTAAGATGTTTTCACCACATTGTATTACAGAGACAGCCAATAAATCTACTATTTGATTTCAA,..((((..(((.(((((.........)))))((..(((((((............(((((((.......)))))))...((((....)))).)))))))))......(((.(((.((((...)))).))))))......((((((...((((((((((...(((((.......)))))..))).))).)))).........)))))).)))..))))..,-46.099998474121094,218,0.3853211009174312,63,0.5779816513761468,15,15,3-216,4.0,9-210,3.0,13-31,5.0,32-100,2.0,36-98,7.0,55-75,7.0,79-90,4.0,7-212,206.0,12-207,196.0,18-26,9.0,34-98,65.0,43-91,49.0,62-68,7.0,83-86,4.0,107-132,3.0,111-129,3.0,115-125,4.0,110-129,20.0,114-126,13.0,119-121,3.0,139-206,6.0,148-191,4.0,152-186,3.0,155-182,3.0,161-177,5.0,,,145-200,56.0,152-187,36.0,155-183,29.0,158-179,22.0,166-172,7.0,,,,,,,,,,,,,,,,,,
RV-UML-m420,GCCACCTGGAGGAACTGCTTGTGCACTGGATGTGGCCCCACCCTTTCCTCTTAATTCCCAATCCCATTCCTGGGCTAGCACCAGTAGTGGTTGGGGCCCTCCCCTCAGGCTCCATTTTTAATAAGTTTTTAGTATTTTTGTTAATGTGAGGCATTGAGCTGTTGGGTTTTGTATATTATTTATATAGAGACCCCAGAGCTGTTGCACCCAATACACAGAGCTTCTTTGCAAA,((.....(((((..(((...(((((..(((.(.(((((((.......................(((((.((((.......)))).))))).)))))))))))...((((((.(((..((((((((...........)))))))).))).))).)))((((.(.((((((((((((.....)))))).)))))).).))))..)))))........)))..)))))..))...,-63.0,232,0.46120689655172414,69,0.5948275862068966,17,17,1-229,2.0,8-225,5.0,15-218,3.0,21-207,5.0,28-102,3.0,32-99,1.0,34-98,7.0,3-227,225.0,13-220,208.0,18-215,198.0,26-202,177.0,31-99,69.0,33-98,66.0,41-91,51.0,64-90,5.0,70-84,4.0,106-156,3.0,69-85,17.0,74-80,7.0,109-153,45.0,109-152,3.0,113-148,3.0,118-144,8.0,157-200,4.0,162-195,1.0,164-193,6.0,112-149,38.0,116-145,30.0,126-136,11.0,161-196,36.0,163-194,32.0,170-187,18.0,170-186,6.0,176-180,5.0,,,,,,,,,,,,
RV-UML-m421,AGCCATGGTTCCCCCCAGGCCCGACACCACTGGCCCCGGATGCCTCTGCCCCTCCCGGGCGGACCTCCTGAGGCCTGGACCCCCAGTGGGCAGGGCAGGAGGTGGCAGCGGCAGCAGCTGTGTTTCTGCACCATTTCCGAGGACGACGCAGCCCCTCGAGCCCCCCCACCGGCCCCGGCCGCCCCAGCGACCTCCCTGGCACCGGCCGCCGCCTTCAAATACTTGGCACATTCCTCC,.((((.(((.....((..((((..(.(((((((..((((..(((((.((((.....))))((....)).)))))))))....))))))))..)))).)).(((((..(.(((((..(((((((((((.............))).))))))))..))...))))..)))))(((..((((((..((((.(....).))))...))))))..))).......)))))))..........,-95.69999694824219,237,0.7172995780590717,72,0.6075949367088608,20,20,2-227,4.0,7-223,3.0,15-99,2.0,19-96,4.0,25-90,1.0,27-89,7.0,36-78,4.0,6-223,218.0,10-220,211.0,17-97,81.0,23-92,70.0,26-89,64.0,34-82,49.0,40-74,35.0,42-74,5.0,48-60,4.0,61-68,2.0,47-69,23.0,52-56,5.0,63-66,4.0,101-170,5.0,108-163,1.0,110-162,3.0,113-156,2.0,117-152,8.0,125-143,3.0,106-165,60.0,109-162,54.0,113-159,47.0,115-154,40.0,125-144,20.0,128-140,13.0,171-213,3.0,174-210,37.0,176-208,6.0,184-199,4.0,189-194,1.0,182-202,21.0,188-195,8.0,190-193,4.0
RV-UML-m422,AAGAAAATGAGGAGAACACTTTGTATTTACCCCAAAATCTTTTCAGTTGTGGGTTTGTAGGTGCGAGTTTGAAGAGGAAAAGAGGAAGGGGGTTATATTTCTAAGTGATTTACAATTTCTGTTTCTAAAATTGTTGGGATTTAGAAATGTTTCAA,....(((((.((((....)))).))))).((((....(((((((.....(((((((((....))))))))).....)))))))....))))(..((((((((((((.....(((((((..(...)..)))))))....))))))))))))..)..,-33.599998474121094,155,0.33548387096774196,50,0.6451612903225806,9,9,5-28,5.0,11-22,4.0,30-91,4.0,38-83,7.0,50-71,9.0,92-153,1.0,95-150,12.0,10-23,14.0,15-18,4.0,34-87,54.0,45-76,32.0,59-62,4.0,93-152,60.0,107-138,32.0,112-134,7.0,121-125,1.0,,,119-127,9.0,122-124,3.0,,,,,,,,,,,,,,,,,,,,,,,,,,,,,,,,,,,,,,,,,,
RV-UML-m423,ACAACGCAGCTGCCATGATGCCTTGGGATGCCCTGGTCCTGGGGGACTCAGGTGCCTCCCTGATTCCTGTGGGAACCCCGGGTTCAGGGCCAGGGCCTCCTTGGAATAAATGGTTATTGTTACTAGGTCCCCACCTTCCCTCTTTTCTGGAAGCCAAAGTCACCCTCCCCAATAAAGTCCTCACTGCCAA,.....((((..(((((....((..((((.(((((((((((((((((.(((((......))))).)))).((((...))))...))))))))))))).)))).)).....)))))(((((......(((......(((((.........)))))........))).....))))).........))))...,-63.5,190,0.5631578947368421,54,0.5684210526315789,11,11,6-187,4.0,12-114,5.0,21-104,2.0,25-101,4.0,30-96,13.0,43-68,4.0,48-63,5.0,10-183,174.0,17-109,93.0,23-102,80.0,29-97,69.0,43-83,41.0,47-64,18.0,53-58,6.0,70-80,4.0,115-174,5.0,126-164,3.0,74-76,3.0,120-169,50.0,129-161,33.0,135-153,5.0,,,,,,,,,,,140-148,9.0,,,,,,,,,,,,,,,,,,,,,,,,,,
RV-UML-m424,GATGTCTTCAGAGGCTCATCTAACTCTGTCCTTACATACTCAATGCATATATGAAAACAATACTAAATAAACATCTGATCTGTATAAAAATGTAAATTAGTTTGACACTGCTTTTTTGATAGGTGTGGTCATTTCTCCCCA,........(((((..........)))))...((((((.....(((((.((..((...................))..)).)))))....)))))).......((((((.((((.......)))))).))))..........,-15.5,141,0.3333333333333333,30,0.425531914893617,8,8,9-28,5.0,32-95,6.0,43-85,5.0,49-79,2.0,53-75,2.0,103-131,4.0,107-126,2.0,14-23,10.0,38-89,52.0,48-80,33.0,51-77,27.0,55-73,19.0,107-127,21.0,109-124,16.0,110-124,4.0,,,,,114-120,7.0,,,,,,,,,,,,,,,,,,,,,,,,,,,,,,,,,,,,,,,,,,,,
RV-UML-m425,CGACGAGCCGTGTTGAAACTTCTTTTGTATGTGTGTGTGTTTTTTTCACTATTAAAGCAGTACT,(((((.....)))))..(((.((((.(((.(((.............)))))).)))).)))...,-7.699999809265137,64,0.375,18,0.5625,5,5,1-15,5.0,18-61,3.0,22-57,4.0,27-52,3.0,31-49,3.0,,,,,6-10,5.0,21-58,38.0,26-53,28.0,30-49,20.0,34-46,13.0,,,,,,,,,,,,,,,,,,,,,,,,,,,,,,,,,,,,,,,,,,,,,,,,,,,,,,,,
RV-UML-m428,TCTGTGTGCTCTTATCACCAATCAGTTCAGACCTGGTTGATTTTGTACTTTGGAACTGTACCTTGGATGGTTTTGTTTATTAAAAGAGAAACCTGAAGTA,((.(.((.(((((.....(((((((.......))))))).............((((...(((......)))...)))).....)))))..))).))....,-15.800000190734863,100,0.37,24,0.48,7,7,1-96,2.0,4-93,1.0,6-92,2.0,9-88,5.0,19-39,7.0,53-78,4.0,60-71,3.0,3-94,92.0,5-92,88.0,8-90,83.0,14-83,70.0,26-32,7.0,57-74,18.0,63-68,6.0,,,,,,,,,,,,,,,,,,,,,,,,,,,,,,,,,,,,,,,,,,,,,,,,,,,,
RV-UML-m429,GCGGGAAGCCTATGTAAGCAAGAGGGCAGGGCCGGGGTTTGTGGTCCCCCCCCCACCACAAACACAGCACTTCGGCTCCTCTAACCTGTGCCACAGGTGACCACCAATAAAATCCTCTGCTGAGAA,(..((..((((.((...(((..(((..((((((((((((((((((.........))))))).......)))))))).)))....))).))))).))))..))..).........(((....)))..,-38.79999923706055,126,0.5793650793650794,36,0.5714285714285714,10,10,1-105,1.0,4-102,2.0,8-98,4.0,13-93,2.0,18-91,3.0,23-87,3.0,28-80,3.0,2-104,103.0,6-100,95.0,12-94,83.0,15-91,77.0,21-88,68.0,26-84,59.0,31-77,47.0,31-76,8.0,39-61,7.0,115-124,3.0,39-68,30.0,46-54,9.0,118-121,4.0,,,,,,,,,,,,,,,,,,,,,,,,,,,,,,,,,,,,,,,,
RV-UML-m430,GAGGTGGACACAACAGCAGTCTCCTTCAGCACGGCGTGGTGTGTCCCTGGACACAGCTCTTCATTCCATTGACTTAGAGGCAACAGGATTGATCATTCTTTTATAGAGCATATTTGCCAATAAAGCTTTTGGAAGCCGGA,((((.((((.........)))).))))....((((....((((((....))))))((((((((.(((.(((.((....)))))..))).)))............))))).......((((........))))..))))..,-34.5,140,0.4714285714285714,38,0.5428571428571428,10,10,1-27,4.0,6-22,4.0,32-138,4.0,40-55,6.0,56-109,5.0,61-92,3.0,65-88,3.0,5-23,19.0,10-18,9.0,36-134,99.0,46-49,4.0,61-104,44.0,64-89,26.0,68-85,18.0,69-83,3.0,73-80,2.0,117-132,4.0,72-80,9.0,75-78,4.0,121-128,8.0,,,,,,,,,,,,,,,,,,,,,,,,,,,,,,,,,,,,,,,,
RV-UML-m432,GATCCTGGAGGATTTCCTACCCCCGTCCTCTTCGAGACCCCAGTCGTGATGTGGAGGAAGAGCCACCTGCAAGATGGACACGAGCCACAAGCTGCACTGTGAACCTGGGCACTCCGCGCCGATGCCACCGGCCTGTGGGTCTCTGAAGGGACCCCCCCCCAATCGGACTGCCAAATTCTCCGGTTTGCCCCGGGATATTATAGAAAATTATTTGTATGAATAATGAAAATAAAACACACCTCGTGGCA,....(((((((((((.........((((.((((((((((((((.......(((((((...((.(((.((((...(((.(....)))).....))))..)))...))...).))))))((((.......))))))).))))))).))))))))......((....))......)))))))))))..((((.((((............(((((((....)))))))...............)))).)))),-70.80000305175781,248,0.5443548387096774,70,0.5645161290322581,17,17,5-183,11.0,25-152,4.0,30-148,4.0,34-143,7.0,41-135,3.0,51-117,6.0,57-110,1.0,16-172,157.0,29-148,120.0,34-144,111.0,41-136,96.0,44-132,89.0,57-111,55.0,58-109,52.0,61-106,2.0,64-101,3.0,68-96,4.0,63-104,42.0,67-98,32.0,72-92,21.0,75-87,3.0,79-84,1.0,118-132,4.0,159-166,2.0,186-248,4.0,191-243,4.0,78-84,7.0,80-83,4.0,122-128,7.0,161-164,4.0,190-244,55.0,195-239,45.0,207-224,7.0,214-217,4.0,,,,,,,,,,,,
RV-UML-m436,AACAATCCCCTTTTTTCCATCAAGCTGTAGCCTGCAGAGAATGGAAACGTGGGAAAGGAATGGTATGTGGGGGAAATGCATCCCCTCAGAGGACTGAGGCATAGTCTCTCATCTGCTATTGAATAAAGACCTTCTATCTTG,.......(((...(((((((....(((((...)))))...)))))))...))).(((((((((((.((((((((.((((.....(((((....)))))))))..)))))))).))))))).........))))........,-40.0,141,0.45390070921985815,43,0.6099290780141844,8,8,8-53,3.0,14-47,7.0,25-37,5.0,55-133,4.0,59-120,7.0,67-112,8.0,76-102,4.0,11-50,40.0,21-40,20.0,30-32,3.0,59-129,71.0,66-113,48.0,75-104,30.0,80-98,19.0,85-98,5.0,,,,,90-93,4.0,,,,,,,,,,,,,,,,,,,,,,,,,,,,,,,,,,,,,,,,,,,,
RV-UML-m437,GAGCCTCCTGGGCATGTTTGTCTGTGTGCTGTAACCTGAAGTCAAACCTTAAGATAATGGATAATCTTCGGCCAATTTATGCAGAGTCAGCCATTCCTGTTCTCTTTGCCTTGATGTTGTGTTGTTATCATTTAAGATTTTTTTTTTTTGGTAATTATTTTGAGTGGCAAAATAAAGAATAGCAATTA,..........(((.((....((((((((.......((((((.....((..........)).....))))))......))))))))..)))))(((.(((((((.((((((........(((..(((((((...((((....))))...)))))))))).......))))))....))))))).)))..,-35.79999923706055,188,0.35638297872340424,51,0.5425531914893617,11,11,11-92,3.0,15-89,2.0,21-85,8.0,36-71,6.0,47-60,2.0,93-186,3.0,97-182,7.0,14-89,76.0,17-87,71.0,29-77,49.0,42-65,24.0,49-58,10.0,96-183,88.0,104-175,72.0,105-171,6.0,119-158,3.0,124-155,7.0,111-165,55.0,122-155,34.0,131-148,18.0,134-145,4.0,,,,,,,,,,,138-141,4.0,,,,,,,,,,,,,,,,,,,,,,,,,,
RV-UML-m439,ACAACCTCTGCTATTTAAGGAGACAACCCTATGTGACCAGAAGGCCTGCTGTAATCAGTGTGACTACTGTGGGTCAGCTTATATTCAGATAAGCTGTTTCATTTTTTATTATTTTCTATGTTAACTTTTAAAAATCAAAATGATGAAATCCCAAAACATTTTGAAATTAAAAATAAATTTCTTCTTCTGCTTTTTTCTTGGTAACCTTGAAAA,.............(((((((..((..........((.((((((((((((.(((.(((...))).))).))))))((((((((......)))))))).......((((((((((((.....((((...)))).....))))))))))))..............((((((.......))))))..)))))).))........))..)))))))..,-40.099998474121094,213,0.30985915492957744,59,0.5539906103286385,11,11,14-211,7.0,23-202,2.0,35-192,2.0,38-189,6.0,44-74,6.0,51-67,3.0,55-63,3.0,21-204,184.0,25-200,176.0,37-190,154.0,44-183,140.0,50-68,19.0,54-64,11.0,58-60,3.0,75-96,8.0,104-148,12.0,121-131,4.0,83-88,6.0,116-136,21.0,125-127,3.0,163-181,6.0,,,,,,,,,,,169-175,7.0,,,,,,,,,,,,,,,,,,,,,,,,,,
RV-UML-m440,TTTTCCCAGCTGCTGCCCAATAAACCTGTCTGCCCTTTGGGGCAGTCCCAGCCA,........((((((((((.......(.....).......))))))...))))..,-13.899999618530273,54,0.5740740740740741,11,0.4074074074074074,3,3,9-52,4.0,13-45,6.0,26-32,1.0,,,,,,,,,13-48,36.0,19-39,21.0,27-31,5.0,,,,,,,,,,,,,,,,,,,,,,,,,,,,,,,,,,,,,,,,,,,,,,,,,,,,,,,,,,,,
RV-UML-m441,GGGTTGGGGGGACTCTGAGCGGGAGGCAGAGTTTGCCTTCCTTTCTCCAGGACCAATAAAATTTCTAAGAGAGCTA,((.(((((((((........((((((((.....)))))))))))))))))..))......................,-22.600000381469727,76,0.5131578947368421,19,0.5,3,3,1-54,2.0,4-50,9.0,21-41,8.0,,,,,,,,,3-52,50.0,13-41,29.0,29-33,5.0,,,,,,,,,,,,,,,,,,,,,,,,,,,,,,,,,,,,,,,,,,,,,,,,,,,,,,,,,,,,
RV-UML-m443,GAGCCTTCTGAGCCCAGCGACTTCTGAAGGGCCCCTTGCAAAGTAATAGGGCTTCTGCCTAAGCCTCTCCCTCCAGCCAATAGGCAGCTTTCTTAACTATCCTAACAAGCCTTGGACCAAATGGAAATAAAGCTTTTTGATGCA,((((.....((((((....((((.((((((...)))).))))))....))))))(((((((.((...........))...))))))).(((((......(((...........)))......)))))....)))).........,-30.700000762939453,144,0.4861111111111111,37,0.5138888888888888,9,9,1-135,4.0,10-54,6.0,20-44,4.0,25-40,2.0,27-37,4.0,55-87,7.0,63-77,2.0,5-131,127.0,16-48,33.0,24-40,17.0,27-38,12.0,31-33,3.0,62-80,19.0,65-75,11.0,89-127,5.0,100-116,3.0,,,94-122,29.0,103-113,11.0,,,,,,,,,,,,,,,,,,,,,,,,,,,,,,,,,,,,,,,,,,
RV-UML-m445,CACTCTGTCCCCATCTGGGAGGGTGGCATTCTGGGACATGAGGAGCAAAGGAAGGGGGCAATAAATGTTGAGCCAAGAGCTTCAAATTACTCTAGAGAAACCGACTGTGTGACTCTTCCTC,..((((((((((((((....))))).......)))))).)))......((((((((.(((......(((....(.((((..........)))).)...)))......)))..)))))))).,-30.899999618530273,121,0.5041322314049587,33,0.5454545454545454,8,8,3-42,3.0,6-38,6.0,12-25,5.0,49-120,8.0,58-110,3.0,67-101,3.0,74-95,1.0,6-39,34.0,12-32,21.0,17-20,4.0,57-112,56.0,61-107,47.0,70-98,29.0,75-94,20.0,76-93,4.0,,,,,80-89,10.0,,,,,,,,,,,,,,,,,,,,,,,,,,,,,,,,,,,,,,,,,,,,
RV-UML-m446,AGGTGTAGACTCAGCCTCACTCTGTACAAGAGCCAGGTGAGAATTTCAAGGATTATCGACTTCATATTGCACATTAAAGTTACAAATTAAAGTGGCTTGGTCAAGAATGA,..(((((..((((.(((..((((.....))))..)))))))......(((.........))).....)))))....(((((((........)))))))............,-20.100000381469727,110,0.39090909090909093,26,0.4727272727272727,6,6,3-72,5.0,10-41,4.0,15-37,3.0,20-32,4.0,48-62,3.0,77-98,7.0,,,8-67,60.0,14-37,24.0,18-34,17.0,24-28,5.0,51-59,9.0,84-91,8.0,,,,,,,,,,,,,,,,,,,,,,,,,,,,,,,,,,,,,,,,,,,,,,,,,,,,,,
RV-UML-m447,TTTACATAAATTTATAATGAAAATAAACATGTATAAAATTTAAAAAAACAGACTCCCATTTCTTAAAAACGGATAAGTTTGAAAGGAAACTGCTATTGAACTTAAGCATCTCTAGCAGAGCAATTTGATCAGTATATAAAACCCTAGGATGTGCTAGGTCTAAGATGGATTAAACAAGTATAAAATAAAATACATTTATAAAATAAAAAGGAAAACAGACTTAAA,......(((((((((((((........))).))).)))))))...........(((..((((((..((((......))))..)))))).((((((..((.........))..)))))).....(((((((............(((((......))))).........)))))))...((((........))))................))).............,-28.200000762939453,225,0.25333333333333335,50,0.4444444444444444,11,11,7-42,7.0,14-34,3.0,17-30,3.0,54-212,3.0,59-88,6.0,67-80,4.0,90-118,6.0,14-35,22.0,17-31,15.0,20-27,8.0,57-209,153.0,65-82,18.0,71-76,6.0,96-112,17.0,98-110,2.0,124-174,7.0,143-158,5.0,100-108,9.0,131-167,37.0,148-153,6.0,178-193,4.0,,,,,,,,,,,182-189,8.0,,,,,,,,,,,,,,,,,,,,,,,,,,
RV-UML-m448,CGGGCCCATGGGGCGGAGCTCGTCCGCATGGTGCTGAATGGCTGAGGACCTTCCCAGTCTCCCCAGAGTCCGTGCCTTTCCCTGTGTGAATTTTGTATCTAGCCTAAAGTTTCCCTAGGCTTTCTTGTCTCAGCAACTTTCCCATCTTGTCTCTCTTGGATGATGTTTGCCGTCAGCATTCACCAAATAAACTTGCTCTCTGGGCCCTC,.(((((((.((((((((..(((((((((((((.(((...(((((.(((...))))))))....))).).))))))........(((.(((..((((....((((((.........))))))...........))))..))).)))............))))))..))))))...((((...............)))))).)))))))..,-63.5,209,0.5311004784688995,59,0.5645933014354066,14,14,2-207,7.0,10-199,2.0,12-171,6.0,20-163,6.0,26-75,6.0,32-68,1.0,34-66,3.0,9-200,192.0,12-197,186.0,18-165,148.0,26-157,132.0,32-69,38.0,33-67,35.0,37-63,27.0,40-59,5.0,46-54,3.0,84-145,3.0,45-54,10.0,49-51,3.0,87-142,56.0,88-141,3.0,93-136,4.0,101-121,6.0,175-197,4.0,,,,,91-138,48.0,97-132,36.0,107-115,9.0,179-193,15.0,,,,,,,,,,,,,,,,,,,,
RV-UML-m449,GAAGCCGGCCTGCCTGTCCTGTTGCCCCAGGGGCCCCTTTGGCTTTTTACAAATAAAGACCCTTTTGTAA,((((((((...(((...((((......)))))))....))))))))(((((((..........))))))),-18.399999618530273,70,0.5285714285714286,22,0.6285714285714286,4,4,1-46,8.0,12-34,3.0,18-31,4.0,47-70,7.0,,,,,,,9-38,30.0,15-31,17.0,22-27,6.0,54-63,10.0,,,,,,,,,,,,,,,,,,,,,,,,,,,,,,,,,,,,,,,,,,,,,,,,,,,,,,,,,,
RV-UML-m450,GCGCTCACCCCTGCTGAGGCTCAGCCCCTCAACCCGGTGGCATTCTGGGGGAGGAGTGGGGCCCACAGCTCTCCAGCACCCGGAATAAAGCCCGCCTGCCCCAGTCGGA,..((.((((.....(((((.......)))))....))))))(((((((((((((.((((...))))...)))))....)))))))).....(((.(((...))).))).,-38.099998474121094,109,0.6880733944954128,34,0.6238532110091743,8,8,3-41,2.0,6-39,4.0,15-31,5.0,42-86,8.0,50-74,5.0,56-66,4.0,92-108,3.0,5-39,35.0,10-35,26.0,20-26,7.0,50-78,29.0,55-69,15.0,60-62,3.0,95-105,11.0,96-104,3.0,,,,,99-101,3.0,,,,,,,,,,,,,,,,,,,,,,,,,,,,,,,,,,,,,,,,,,,,
RV-UML-m451,TTGGGCACGGAGGGATCCAGGGCATCTGTGAACTGGCTGCTTCTTCCAGAGAGATCTCTTGGCAGAGTGAGGGCCTGGAGATAACCAGCTTTGGATTATCCCGCATGCAACATTCCTGTGATCACATAATCCTCTTCTTCATCCTCATATGAAATAAATGAAGAGAGCTTCCTCATTCAAACATGA,..(((...(((((.(.((((..((....))..)))).).))))))))((((....)))).....((((((((((.(((.((((((((....))).))))))))...))........((((....))))...((((.((((((...............))))))))))...))))))))........,-48.400001525878906,186,0.46774193548387094,54,0.5806451612903226,14,14,3-47,3.0,9-44,5.0,15-38,1.0,17-36,4.0,23-30,2.0,48-59,4.0,65-178,8.0,6-44,39.0,14-39,26.0,16-37,22.0,21-32,12.0,25-28,4.0,52-55,4.0,73-170,98.0,73-108,2.0,76-103,3.0,80-100,5.0,75-106,32.0,79-100,22.0,85-95,11.0,85-94,3.0,117-128,4.0,132-167,4.0,137-163,6.0,,,,,88-91,4.0,121-124,4.0,136-163,28.0,143-157,15.0,,,,,,,,,,,,,,,,,,,,
RV-UML-m452,AATCAGCCAGCCCATGGCCCCCAATAAAGGCAGCTGCCTCTGCTCCCTCTGAA,.....((((.....)))).........(((.(((.......))).))).....,-11.300000190734863,53,0.5849056603773585,10,0.37735849056603776,3,3,6-18,4.0,28-48,3.0,32-44,3.0,,,,,,,,,10-14,5.0,31-45,15.0,35-41,7.0,,,,,,,,,,,,,,,,,,,,,,,,,,,,,,,,,,,,,,,,,,,,,,,,,,,,,,,,,,,,
RV-UML-m453,TGCCAGGAACAGATTTTGCAGTTGGTGGGGTCTCAATAAAAGTTATTTTCCACTGACA,(((.((((.....)))))))((((((((((.................)))))))))).,-11.399999618530273,58,0.41379310344827586,17,0.5862068965517241,3,3,1-20,3.0,5-17,4.0,21-57,10.0,,,,,,,,,4-17,14.0,9-13,5.0,31-47,17.0,,,,,,,,,,,,,,,,,,,,,,,,,,,,,,,,,,,,,,,,,,,,,,,,,,,,,,,,,,,,
RV-UML-m454,TGAATAAAATGTCTTTGCTTGTAATTTTTAAATTCATATCAATCATGGATGAGTCTCGATGTGTAGGCCTTTCCATTCCATTTATTCACACTGAGTGTCCTACAATAAACTTCCGTATTTTTAA,((((((((((..(.......)..)))))...)))))........(((((..(((.......((((((((((.....................))).).))))))....))))))))........,-13.600000381469727,124,0.31451612903225806,29,0.46774193548387094,8,8,1-36,5.0,6-28,5.0,13-21,1.0,45-116,5.0,52-111,3.0,62-104,6.0,68-97,1.0,6-31,26.0,11-23,13.0,14-20,7.0,50-111,62.0,55-108,54.0,68-98,31.0,69-96,28.0,69-95,3.0,,,,,72-92,21.0,,,,,,,,,,,,,,,,,,,,,,,,,,,,,,,,,,,,,,,,,,,,
RV-UML-m455,ATCCTGCCCGGAGTGGAAGCTGAAGCCTGCACAGTGTCCACCCTGTTCCCACTCCCATCTTTCTTCCGGACAATGAAATAAAGAGTTACCACCCAGCA,....(((..((.((((.((((........((...(((((............................))))).))........)))).)))))).))),-17.600000381469727,98,0.5306122448979592,20,0.40816326530612246,6,6,5-98,3.0,10-94,2.0,13-92,4.0,18-87,4.0,30-75,2.0,35-72,5.0,,,8-95,88.0,12-92,81.0,17-88,72.0,22-83,62.0,32-73,42.0,40-67,28.0,,,,,,,,,,,,,,,,,,,,,,,,,,,,,,,,,,,,,,,,,,,,,,,,,,,,,,
RV-UML-m456,GTCTGCTGGGATGGGCCCTCCAAGCCCAAGCCTCCTGCTCCGGGGGCAGACCAGACTCTGACTCTCCTCTTGGGGCTGCTGCCATTAAAACGCTACTACTAAGACTCA,((((...((..(((((.......)))))..)).((((...))))(((((..(((.((((((........))))))))))))))..................))))...,-31.5,108,0.5925925925925926,29,0.5370370370370371,7,7,1-105,4.0,8-32,2.0,12-28,5.0,34-44,4.0,45-83,5.0,52-78,3.0,56-75,6.0,5-101,97.0,10-30,21.0,17-23,7.0,38-40,3.0,50-78,29.0,55-75,21.0,62-69,8.0,,,,,,,,,,,,,,,,,,,,,,,,,,,,,,,,,,,,,,,,,,,,,,,,,,,,
RV-UML-m457,GAGCCCTCGCGTCCCAGGCCCCAGCCAGGGGGCCGGCCTTGTCCCGCCTCATCCACAGAAAGGGAGGATGGGCGATGACAGTTGTTTCTATGCCTTCTGACCCAGTTTCCCAGTTTATAACTTTATGACAATGAGTTTCTCAAGCCCAAGGCCTTATCTTCACCCCACAAACAATAAAGCAAAGTAAAGAA,((((....)).))...((((((......))))))(((((((...((((.(((((.(......)..)))))))))((((.((((((...........(((...)))...........)))))))))).....((((...))))....)))))))......................................,-46.599998474121094,191,0.518324607329843,44,0.4607329842931937,11,11,1-13,2.0,3-10,2.0,17-34,6.0,35-153,7.0,45-74,4.0,50-70,5.0,56-63,1.0,3-11,9.0,5-8,4.0,23-28,6.0,42-146,105.0,49-70,22.0,55-65,11.0,57-62,6.0,75-126,4.0,80-122,6.0,97-105,3.0,79-122,44.0,86-116,31.0,100-102,3.0,132-142,4.0,,,,,,,,,,,136-138,3.0,,,,,,,,,,,,,,,,,,,,,,,,,,
RV-UML-m459,GCCCATCGTGACTCAAAACTCACTTGTATAATAAACAGTTTTTGAGGGATTTTAAAGTTTCAAGAACTGTGTGTGGCCTTATGTGTTGGTATTGGATGTTTAACCAGACAGAAATCAGTAAACATCCTGGACCTAT,((((((.((((........))))...........(((((((((((((..........)))))))))))))))).)))..........(((...(((((((((....((......))..)))))))))...)))...,-33.400001525878906,136,0.375,37,0.5441176470588235,7,7,1-77,3.0,4-73,3.0,8-23,4.0,35-70,13.0,88-133,3.0,94-127,9.0,107-116,2.0,4-74,71.0,7-70,64.0,12-19,8.0,48-57,10.0,91-130,40.0,103-118,16.0,109-114,6.0,,,,,,,,,,,,,,,,,,,,,,,,,,,,,,,,,,,,,,,,,,,,,,,,,,,,
RV-UML-m460,CACCTAAGGAATTCCCCTGCTTCAGCTCCTAGCTCAGCCACTGACTGCCCCTCCTGTGTGTGCCCATGGCCCTTTTCTCCTGACCCCATTTTAATTTTATTCATTTTTTCCTTTGCCATTGATTTTTGAGACTCATGCATTAAATTCACTAGAAACCCA,...(((..(((((....(((...(((((..((.((((((((................))).))..(((((..........(((.................)))...........)))))))).))..))).))...)))...)))))..))).......,-17.0,159,0.44654088050314467,34,0.4276729559748428,11,11,4-152,3.0,9-147,5.0,18-139,3.0,24-133,2.0,26-130,3.0,31-125,2.0,34-122,3.0,7-149,143.0,14-142,129.0,21-136,116.0,26-131,106.0,29-127,99.0,33-123,91.0,37-119,83.0,37-63,2.0,39-60,3.0,66-119,5.0,39-61,23.0,42-57,16.0,71-114,44.0,81-103,3.0,,,,,,,,,,,84-100,17.0,,,,,,,,,,,,,,,,,,,,,,,,,,
RV-UML-m461,GGTGTCTTCTGGGACCTGCCGGCCTCCCGGGCCAGCTGCCCCACCCCTGCCCATGCCTGTCCTGCACGGCTCTGCTGCTCGGGCCCACAGCGCCGTCCCATCACAAGCCCGGGGAGGGATCCCGCCTTTGAAAATAAAGCTGTTATGGGTGTCATTCAGGAAA,((((.....((((.(..((.(((((...))))).)).).)))).((((.(((..((.(((..((.(((((.(((..((....))...))).)))))..))..))).))..))).))))....))))((((((......(((......)))....))))))...,-53.20000076293945,163,0.6441717791411042,49,0.6012269938650306,15,15,1-126,4.0,10-43,4.0,15-38,1.0,18-36,2.0,21-33,5.0,45-118,4.0,50-113,3.0,5-122,118.0,14-39,26.0,16-37,22.0,20-34,15.0,26-28,3.0,49-114,66.0,53-110,58.0,55-108,2.0,58-105,3.0,63-100,2.0,57-106,50.0,61-102,42.0,65-98,34.0,66-96,5.0,72-90,3.0,77-84,2.0,127-160,6.0,139-150,3.0,,,71-91,21.0,75-87,13.0,79-82,4.0,133-154,22.0,142-147,6.0,,,,,,,,,,,,,,,,,,
RV-UML-m464,GCTTGGTGTCTCAGACATTGATGTACCTTTTCCCTGCCTCACTCCAGGTTTTAGTGAAGTAAACAGTATTTGGAAAGTT,((((((((((...)))))))).))...((((((.(((.(((((.........))))).)))..........))))))..,-12.0,79,0.4177215189873418,24,0.6075949367088608,5,5,1-24,2.0,3-21,8.0,28-77,6.0,35-61,3.0,39-57,5.0,,,,,3-22,20.0,11-13,3.0,34-71,38.0,38-58,21.0,44-52,9.0,,,,,,,,,,,,,,,,,,,,,,,,,,,,,,,,,,,,,,,,,,,,,,,,,,,,,,,,
RV-UML-m465,TCTCACTTCTGTCAGATGCTCCCATCCACTATTAATGCACTAGGTGGGAGGAGAGGGCGGCAATGACACTGCACCTCTCCTTTCCCACCGCATTCCCTGGAGCTCCCTAAATAAAACTTTTTTTAACGTGA,(((.((....)).))).(((((...........(((((....((((((((((((((((((........)))).)))))))..))))))))))))....)))))............................,-42.0,131,0.48854961832061067,33,0.5038167938931297,7,7,1-16,3.0,5-12,2.0,18-103,5.0,34-94,5.0,43-89,7.0,50-80,7.0,57-72,4.0,4-13,10.0,7-10,4.0,23-98,76.0,39-89,51.0,50-82,33.0,57-73,17.0,61-68,8.0,,,,,,,,,,,,,,,,,,,,,,,,,,,,,,,,,,,,,,,,,,,,,,,,,,,,
RV-UML-m469,ATTCAGTTACATCCATCTGTCATCTGAAGAAGGAGGAAAAAACCCAACATTTCTTGGACCAAAAGTATAGTGACTATCTGTTCATGAGAGAAATTTTCTGTAAGCTTGCTGTTTTACAGGGGATTTATCAATAATTGATTTTGAGGAATCAGTTTTTTTCTATGGCTAATAAACTTTTTAATTCACTTATA,.(((((..(((......)))...))))).....((((((((((......((((.(((((....(((......)))....))))).)))).(((((((((((((((.....).)))))))))))))).........((((((....))))))))))))))))..............................,-33.29999923706055,191,0.31413612565445026,51,0.5340314136125655,9,9,2-28,5.0,9-20,3.0,34-161,10.0,50-89,4.0,55-84,5.0,64-75,3.0,91-126,14.0,7-23,17.0,12-17,6.0,44-151,108.0,54-85,32.0,60-79,20.0,67-72,6.0,105-112,8.0,105-111,1.0,136-151,6.0,,,106-110,5.0,142-145,4.0,,,,,,,,,,,,,,,,,,,,,,,,,,,,,,,,,,,,,,,,,,
RV-UML-m472,ACACAAAGCCTCGAAATCAGTGCGCTCCAGCTGATCTCGTTCCGCCGGTTCCCCTTGGCCGCCAGTTCCGTTCTCCTCACGGGCCGAACGGAACAAGGGGTCCAGCTTGCGGGGGACCCTCCCCAGCCCATTCCTGCTGTCAAACAAACAAAACCTTGCAAAGCG,.......((..(((.((((((........)))))).)))....)).((((((((((((((.(..((((((((((((....)))..)))))))))..).)).)))).....)))))))).....((((........))))..........................,-53.0,165,0.6,42,0.509090909090909,10,10,8-45,2.0,12-39,3.0,16-35,6.0,47-118,8.0,55-105,4.0,59-100,2.0,62-97,1.0,10-43,34.0,15-36,22.0,22-29,8.0,55-110,56.0,59-101,43.0,61-98,38.0,63-96,34.0,65-94,9.0,74-83,3.0,124-139,4.0,74-85,12.0,77-80,4.0,128-135,8.0,,,,,,,,,,,,,,,,,,,,,,,,,,,,,,,,,,,,,,,,
RV-UML-m473,AACCTCCCACTTTGTCTGTACATACTGGCCTCTGTGATTACATAGATCAGCCATTAAAATAAAACAAGCCTTAATCTGCCTTCC,..........(((((..........((((.((((((....))))))...))))..........)))))................,-11.600000381469727,84,0.40476190476190477,15,0.35714285714285715,3,3,11-68,5.0,26-53,4.0,31-46,6.0,,,,,,,,,16-63,48.0,30-49,20.0,37-40,4.0,,,,,,,,,,,,,,,,,,,,,,,,,,,,,,,,,,,,,,,,,,,,,,,,,,,,,,,,,,,,
RV-UML-m474,GGCACCCCCAGGACAGCACACGGTGAGGGTGCGGGGCCTGCAGGCCAGTCCCACGGCTCTGTGCCCGGTGCCATCTTCCATATCCGGGTGCTCAATAAACTTGTGCCTCCAATGTGGTACCTGCCTCCTCTAGAGGTGGGTGTATGCTTGGGTGTCAGAGAA,(((((((.......((((.((...((.(((((.((((..(((((((........))).)))))))).))))).))..((((((..(((.((.(((.....))).)))))..)))))).(((((((((.....))))))))))).)))).)))))))......,-66.9000015258789,162,0.6111111111111112,54,0.6666666666666666,13,13,1-156,7.0,15-148,4.0,20-143,2.0,25-75,2.0,28-72,5.0,34-66,4.0,40-62,4.0,8-149,142.0,19-144,126.0,22-141,120.0,27-73,47.0,33-67,35.0,38-62,25.0,44-58,15.0,44-57,3.0,78-117,6.0,86-109,3.0,47-54,8.0,84-111,28.0,89-106,18.0,90-106,2.0,93-103,3.0,119-141,9.0,,,,,,,92-104,13.0,96-100,5.0,128-132,5.0,,,,,,,,,,,,,,,,,,,,,,
RV-UML-m475,CCTCGTCTGTCCCTTCCCCTTCACCGCTCCCCACAGCTTTGCACCCCTTTCCTCCCCATACACACACAAACCATTTTATTTTTTGGGCCATTACCCCATACCCCTTATTGCTGCCAAAACCACATGGGCTGGGGGCCAGGGCTGGATGGACAGACACCTCCCCCTACCCATATCCCTCCCGTGTGTGGTTGGAAAACTTTTGTTTTTTGGGGTTTTTTTTTTCTGAATAAAAAAGATTCTACTAACAA,....((((((((..(((.................(((((((..((((.......(((((............((..........((((.......))))..........)).............)))))..))))..)))))))))).)))))))).......((.((((((((.......))))).))).)).......(((((...(((((((((((((........)))))))))))))..))))),-57.79999923706055,248,0.4879032258064516,61,0.49193548387096775,12,12,5-155,8.0,15-146,3.0,35-143,7.0,44-134,4.0,55-128,5.0,72-110,2.0,84-98,4.0,13-147,135.0,18-143,126.0,42-136,95.0,48-130,83.0,60-123,64.0,74-108,35.0,88-94,7.0,163-192,2.0,166-189,3.0,169-185,5.0,165-190,26.0,169-186,18.0,174-180,7.0,200-248,5.0,208-241,13.0,,,,,,,,,205-243,39.0,221-228,8.0,,,,,,,,,,,,,,,,,,,,,,,,
