RVAC ID,Sequence,Structure,MFE (kcal/mol),Length,GC Content,Paired Bases,Paired Percentage,Stem Count,Loop Count,Stem_1_Position,Stem_1_Length,Stem_2_Position,Stem_2_Length,Stem_3_Position,Stem_3_Length,Loop_1_Position,Loop_1_Size,Loop_2_Position,Loop_2_Size,Loop_3_Position,Loop_3_Size,Stem_4_Position,Stem_4_Length,Loop_4_Position,Loop_4_Size,Stem_5_Position,Stem_5_Length,Loop_5_Position,Loop_5_Size,Stem_6_Position,Stem_6_Length,Loop_6_Position,Loop_6_Size,Stem_7_Position,Stem_7_Length,Loop_7_Position,Loop_7_Size,Stem_8_Position,Stem_8_Length,Stem_9_Position,Stem_9_Length,Stem_10_Position,Stem_10_Length,Stem_11_Position,Stem_11_Length,Loop_8_Position,Loop_8_Size,Loop_9_Position,Loop_9_Size,Loop_10_Position,Loop_10_Size,Loop_11_Position,Loop_11_Size
RV-UML-m002,AGGTCCGTTATATTATTTATCTTGCAGATCAAACTTCAGAGAGGAGGGCC,.(((((.............((((..((......))...))))...))))),-6.800000190734863,50,0.42,11,0.44,3,3,2-50,5,20-42,4.0,26-35,2.0,7-45,39,24-38,15.0,28-33,6.0,,,,,,,,,,,,,,,,,,,,,,,,,,,,,,,,
RV-UML-m004,AGGGACCAAGAGTTCGATACCTCATCGAACTGCGAGTCATAAGCAGGGCC,...(((....((((((((.....))))))))....)))............,-12.100000381469727,50,0.54,11,0.44,2,2,4-38,3,11-31,8.0,,,7-35,29,19-23,5.0,,,,,,,,,,,,,,,,,,,,,,,,,,,,,,,,,,
RV-UML-m005,AGTGGACTTGTTATCTCGCATTTGCGCAATCCACTATACTGCGTTGGGCC,((((((.(((......(((....)))))))))))).....((.....)).,-10.800000190734863,50,0.5,14,0.56,4,4,1-35,6,8-29,3.0,17-26,3.0,7-29,23,11-26,16.0,20-23,4.0,41-49,2.0,43-47,5.0,,,,,,,,,,,,,,,,,,,,,,,,,,,,
RV-UML-m006,AGGCCGAGTCATTATCATACTTGGTTCAATCTATTGAACGAAGTATTGCT,.(((...)))......((((((.((((((....)))))).))))))....,-12.199999809265137,50,0.38,15,0.6,3,3,2-10,3,17-46,6.0,24-39,6.0,5-7,3,23-40,18.0,30-33,4.0,,,,,,,,,,,,,,,,,,,,,,,,,,,,,,,,
RV-UML-m007,AGGGATTTACCGAGAATCTAGTTACAGAACAACCTCTTCCTAAAAGGGCC,..((((((.....))))))..............(((((.....)))))..,-5.0,50,0.44,11,0.44,2,2,3-19,6,34-48,5.0,,,9-13,5,39-43,5.0,,,,,,,,,,,,,,,,,,,,,,,,,,,,,,,,,,
RV-UML-m008,AGGGAATACAACCTTATTCTCCGATTGCAAAGCGTAGTGTAATTAGCGTA,.(((((((......))))))).(((((((........)))))))......,-9.100000381469727,50,0.4,14,0.56,2,2,2-21,7,23-44,7.0,,,9-14,6,30-37,8.0,,,,,,,,,,,,,,,,,,,,,,,,,,,,,,,,,,
RV-UML-m011,AGCAGAGGATAAATTTGGAGAGATTCCGTATTCTGCATCACCAAATTGTA,.((((((........((((.....))))..))))))..............,-8.699999809265137,50,0.38,10,0.4,2,2,2-36,6,16-28,4.0,,,8-30,23,20-24,5.0,,,,,,,,,,,,,,,,,,,,,,,,,,,,,,,,,,
RV-UML-m012,AGAGGTATACTGCACCTCAGAGTACAATCCACCTCTCGAGTATCGGGGCC,.(((((.......)))))...............((((((...))))))..,-10.0,50,0.54,11,0.44,2,2,2-18,5,34-48,6.0,,,7-13,7,40-42,3.0,,,,,,,,,,,,,,,,,,,,,,,,,,,,,,,,,,
RV-UML-m013,AGGAGAGGATCCATATCAATCGAGTTCGTAGAATTCCCGTGAAAGATAAC,.(((.....)))...(((...((((((...))))))...)))........,-7.900000095367432,50,0.42,12,0.48,3,3,2-12,3,16-42,3.0,22-36,6.0,5-9,5,19-39,21.0,28-30,3.0,,,,,,,,,,,,,,,,,,,,,,,,,,,,,,,,
RV-UML-m014,AGGGTTTGAACATATTCGTTTACTTTCCAATCCCTAACTTAGTCCTTGCT,((((.(((...................))).))))...............,-5.400000095367432,50,0.38,7,0.28,2,2,1-35,4,6-30,3.0,,,5-31,27,9-27,19.0,,,,,,,,,,,,,,,,,,,,,,,,,,,,,,,,,,
RV-UML-m015,AGATACACTCGAAACCTGTGTTAAGCATTACTTCTGCTGTAATCGGGGGC,..............((((..(..((((.......))))..)..))))...,-8.800000190734863,50,0.46,9,0.36,3,3,15-47,4,21-41,1.0,24-38,4.0,19-43,25,22-40,19.0,28-34,7.0,,,,,,,,,,,,,,,,,,,,,,,,,,,,,,,,
RV-UML-m017,AGAGAAAGAGTTTCGAGAAAGTTGCGATACACACCGACCTAATCCGTGTC,.........((.(((.........))).))((((.((.....)).)))).,-4.800000190734863,50,0.46,11,0.44,4,4,10-30,2,13-27,3.0,31-49,4.0,12-28,17,16-24,9.0,35-45,11.0,36-44,2.0,38-42,5.0,,,,,,,,,,,,,,,,,,,,,,,,,,,,
RV-UML-m025,AGGCGAAGTCTTCGACTACCACTACCCTCGCCGTCGCGGTCTTTGCTGTC,.(((((((.((.((((................)))).)).)))))))...,-14.100000381469727,50,0.6,13,0.52,3,3,2-47,7,10-39,2.0,13-36,4.0,9-40,32,12-37,26.0,17-32,16.0,,,,,,,,,,,,,,,,,,,,,,,,,,,,,,,,
RV-UML-m026,AGTTGATCTTCGTCCGTGCATCACACCGGTCTTGTCCCCTGAACAGGGTA,...........(.(((((.....)).))).).....((((....))))..,-8.0,50,0.54,10,0.4,4,4,12-31,1,14-29,3.0,17-25,2.0,13-30,18,17-26,10.0,19-23,5.0,37-48,4.0,41-44,4.0,,,,,,,,,,,,,,,,,,,,,,,,,,,,
RV-UML-m027,AGGACCTTCATCCAAGTGACCTCAGGTGTATTGCGTAACAACGTTCGACC,...((((((((....))))....))))((...((((....))))...)).,-7.199999809265137,50,0.5,14,0.56,4,4,4-27,4,8-19,4.0,28-49,2.0,8-23,16,12-15,4.0,30-47,18.0,33-44,4.0,37-40,4.0,,,,,,,,,,,,,,,,,,,,,,,,,,,,
RV-UML-m028,AGACCGGGTTTCTCTGCATAATCTTTATACTGGCAGATAAAGCCATTGCC,.....((.(((.(((((...............))))).))).))......,-10.600000381469727,50,0.44,10,0.4,3,3,6-44,2,9-41,3.0,13-37,5.0,8-42,35,12-38,27.0,18-32,15.0,,,,,,,,,,,,,,,,,,,,,,,,,,,,,,,,
RV-UML-m030,AGAGGGTTTAAGCCGCAGCCCTGGAGATCACCCCACTTCCCCAGCGCATC,....(((....)))...((.((((.((..........)).)))).))...,-10.699999809265137,50,0.62,11,0.44,4,4,5-14,3,18-47,2.0,21-44,4.0,8-11,4,20-45,26.0,25-40,16.0,26-39,2.0,28-37,10.0,,,,,,,,,,,,,,,,,,,,,,,,,,,,
RV-UML-m032,AGGGAGGTTTCAGTTCAGTATCTCCTATAACGAACTTCGAGAGGGGCTTC,.(((((((...........))))))).....(((((((....)))).))),-10.399999618530273,50,0.48,14,0.56,3,3,2-26,7,32-50,3.0,35-46,4.0,9-19,11,35-47,13.0,39-42,4.0,,,,,,,,,,,,,,,,,,,,,,,,,,,,,,,,
RV-UML-m033,AGGAGTCATTTCGTTCGACACCTTTTACGCCTCCACACCAGTAGTGGATC,(((.(((.........))).)))........(((((.......)))))..,-9.600000381469727,50,0.5,11,0.44,3,3,1-23,3,5-19,3.0,32-48,5.0,4-20,17,8-16,9.0,37-43,7.0,,,,,,,,,,,,,,,,,,,,,,,,,,,,,,,,
RV-UML-m035,AGGCACGCTAAGGTTATCTGCGTCTGTTTACCCTCTACGAACTTTTCAGC,.((.((((...........)))))).........................,-4.199999809265137,50,0.48,6,0.24,2,2,2-25,2,5-23,4.0,,,4-23,20,9-19,11.0,,,,,,,,,,,,,,,,,,,,,,,,,,,,,,,,,,
RV-UML-m036,AGATTCAATAGGGCTTTTGGATTCTTGGATTGGTGCTACAACATCACGGT,.(((((((........))))))).......(((((......)))))....,-7.099999904632568,50,0.42,12,0.48,2,2,2-23,7,31-46,5.0,,,9-16,8,36-41,6.0,,,,,,,,,,,,,,,,,,,,,,,,,,,,,,,,,,
RV-UML-m037,AGGAGGTTCGCCTTGCGCGCATCGCGCCTCAGTCGCACGTGGCGAGACTC,..(((..(((((..(((.((..(........)..)).))))))))..))),-18.200000762939453,50,0.68,14,0.56,5,5,3-50,3,8-45,5.0,15-40,3.0,6-47,42,13-40,28.0,18-37,20.0,19-36,2.0,21-34,14.0,23-32,1.0,24-31,8.0,,,,,,,,,,,,,,,,,,,,,,,,
RV-UML-m038,AGCCGGAACACGGTATCTGTGCGTTCGTAATCAGTACTAACTCTATCCAG,.((((.....))))....((((...........)))).............,-8.100000381469727,50,0.48,8,0.32,2,2,2-14,4,19-37,4.0,,,6-10,5,23-33,11.0,,,,,,,,,,,,,,,,,,,,,,,,,,,,,,,,,,
RV-UML-m040,AGTCAGACGCCCCATACGCATTAGGCTGGTCTATCATCTACTACCTTCGC,.(..(((((((............)))..))))..)...............,-5.300000190734863,50,0.52,8,0.32,3,3,2-35,1,5-32,4.0,9-26,3.0,3-34,32,9-28,20.0,12-23,12.0,,,,,,,,,,,,,,,,,,,,,,,,,,,,,,,,
RV-UML-m041,AGGTCCTTCTGGGGCTTCCGTCGTATCTCCGCCAGGACGGACGAAAAAAA,..((((((((((((..............)).)))))).))))........,-14.5,50,0.56,12,0.48,3,3,3-42,4,7-37,6.0,13-30,2.0,7-38,32,13-31,19.0,15-28,14.0,,,,,,,,,,,,,,,,,,,,,,,,,,,,,,,,
RV-UML-m042,AGTCCCGTAGTTTGGCCGCACTTCACCGAAAGGGACATCGCCGAGACACG,.....(((.(((((((......((.((....))))....))).))))))),-9.800000190734863,50,0.6,14,0.56,5,5,6-50,3,10-47,4.0,14-42,3.0,9-47,39,14-43,30.0,17-39,23.0,23-35,2.0,25-33,9.0,26-33,2.0,28-31,4.0,,,,,,,,,,,,,,,,,,,,,,,,
RV-UML-m046,AGGAGAGACTGCGAGGTGTAGTCTCGATTAGCTCACTACTCGGACTGACC,....((((((((.....))))))))..((((.((........))))))..,-13.100000381469727,50,0.54,14,0.56,3,3,5-25,8,28-48,4.0,33-44,2.0,13-17,5,32-44,13.0,35-42,8.0,,,,,,,,,,,,,,,,,,,,,,,,,,,,,,,,
RV-UML-m047,AGCCAATTTCGACGGAATCGAGCGTTGGAGTTCACCTCCAATACGTCATC,........((((.....))))(((((((((.....)))))..))))....,-10.800000190734863,50,0.5,13,0.52,3,3,9-21,4,22-46,4.0,26-40,5.0,13-17,5,26-42,17.0,31-35,5.0,,,,,,,,,,,,,,,,,,,,,,,,,,,,,,,,
RV-UML-m048,AGATACGTCAACTGGGACTCGGATCCTTACAGAACCGAGTTATAATCTCA,...............(((((((.((......)).))))))).........,-11.100000381469727,50,0.44,9,0.36,2,2,16-41,7,24-33,2.0,,,23-34,12,26-31,6.0,,,,,,,,,,,,,,,,,,,,,,,,,,,,,,,,,,
RV-UML-m051,AGGTCATCGGACAATACTTTAGTGGTGTTTTCAGCCCACTCTTCAAAGCA,..(((....)))....(((((((((.(((...))))))))....))))..,-8.600000381469727,50,0.44,15,0.6,4,4,3-12,3,17-48,4.0,21-40,5.0,6-9,4,21-44,24.0,26-35,10.0,27-35,3.0,30-32,3.0,,,,,,,,,,,,,,,,,,,,,,,,,,,,
RV-UML-m052,AGAGTGGATCGCACCCAAACCTAGCCTCACACACCGGGTCTACCACCGGA,...(((((..((...........)).)).))).((((........)))).,-10.100000381469727,50,0.6,11,0.44,4,4,4-32,3,7-28,2.0,11-25,2.0,7-29,23,9-26,18.0,13-23,11.0,34-49,4.0,38-45,8.0,,,,,,,,,,,,,,,,,,,,,,,,,,,,
RV-UML-m054,AGGACCCCACCCTTCGATTTTGTGGGAAACCATATCAGATATTCACTGCC,.((..(((((...........)))))...))...................,-7.300000190734863,50,0.48,7,0.28,2,2,2-31,2,6-26,5.0,,,4-29,26,11-21,11.0,,,,,,,,,,,,,,,,,,,,,,,,,,,,,,,,,,
RV-UML-m058,AGTATAAAGGTATATCAGGGAAACGTCTGTCGTGCTCACACGGAGAGCCC,.................(((.....(((((.((....)))))))...))),-7.699999809265137,50,0.5,10,0.4,3,3,18-50,3,26-44,5.0,32-39,2.0,21-47,27,31-39,9.0,34-37,4.0,,,,,,,,,,,,,,,,,,,,,,,,,,,,,,,,
RV-UML-m059,AGAAGCGTGATCTGATTGTGGGGATTTCAGTCGAGACATTCCTTTCCGCT,...((((.((...((.(((...(((....)))...))).))...)))))),-10.699999809265137,50,0.48,14,0.56,5,5,4-50,4,9-46,2.0,14-41,2.0,8-46,39,11-44,34.0,16-39,24.0,17-38,3.0,20-35,16.0,23-32,3.0,26-29,4.0,,,,,,,,,,,,,,,,,,,,,,,,
RV-UML-m060,AGTGCCCTATACAGCTTTTGCATAGAATACGAGTGACGAACGCGCAACGG,.((((.((((...((....)))))).......((.....)))))).....,-4.900000095367432,50,0.5,12,0.48,4,4,2-45,4,7-25,4.0,14-21,2.0,6-41,36,11-21,11.0,16-19,4.0,33-41,2.0,35-39,5.0,,,,,,,,,,,,,,,,,,,,,,,,,,,,
RV-UML-m063,AGTTGTTCGACGAGATCCTTTCTCTCGCGATTATATCGTTCCGCTTTGCA,......(((.(((((.......))))))))....................,-8.300000190734863,50,0.46,8,0.32,2,2,7-30,3,11-27,5.0,,,10-27,18,16-22,7.0,,,,,,,,,,,,,,,,,,,,,,,,,,,,,,,,,,
RV-UML-m066,AGCGTGCTACGCATAGCGAATAAACAGCCACCATCGAAAACCCGTACGCT,(((((((.........(((..............))).......))))))),-7.900000095367432,50,0.52,10,0.4,2,2,1-50,7,17-36,3.0,,,8-43,36,20-33,14.0,,,,,,,,,,,,,,,,,,,,,,,,,,,,,,,,,,
RV-UML-m068,AGGAGTGTTCTGCACCCCATCTCTTTTCCGGTTTGAGATTTAGCCTGACT,.((.((((...)))).))........((.((((........)))).))..,-9.300000190734863,50,0.48,12,0.48,4,4,2-18,2,5-15,4.0,27-48,2.0,4-16,13,9-11,3.0,29-46,18.0,30-45,4.0,34-41,8.0,,,,,,,,,,,,,,,,,,,,,,,,,,,,
RV-UML-m069,AGATTGGCGCAAACCAGTTTCCCGAACGTTTGTCCAGAGAGGCAATACGG,.((((((......)))))).......((((((((......))))).))).,-10.5,50,0.52,14,0.56,3,3,2-19,6,27-49,3.0,30-45,5.0,8-13,6,30-46,17.0,35-40,6.0,,,,,,,,,,,,,,,,,,,,,,,,,,,,,,,,
RV-UML-m071,AGGAAACCTTCCTCCACAAATCGACACACCGAAACAAAATCGCGGACACG,(((((...)))))...............(((...........))).....,-3.9000000953674316,50,0.5,8,0.32,2,2,1-13,5,29-45,3.0,,,6-8,3,32-42,11.0,,,,,,,,,,,,,,,,,,,,,,,,,,,,,,,,,,
RV-UML-m076,AGTGCCGCATTGTCTTCTTGTGTTCGCTTGCCGCCGACGAACAACTGGAA,...............(((.(((((((.(((....)))))))).)).))).,-8.5,50,0.54,13,0.52,4,4,16-49,3,20-45,2.0,22-42,5.0,19-46,28,22-43,22.0,27-37,11.0,28-37,3.0,31-34,4.0,,,,,,,,,,,,,,,,,,,,,,,,,,,,
RV-UML-m078,AGGTGGTCTTCTTGTTGCTACAGGAACCCACGGACTTATTCGATAGCGAC,..((((..(((((((....))))))).))))........(((....))).,-12.5,50,0.5,14,0.56,3,3,3-31,4,9-26,7.0,40-49,3.0,7-27,21,16-19,4.0,43-46,4.0,,,,,,,,,,,,,,,,,,,,,,,,,,,,,,,,
RV-UML-m079,AGGTCCAGAAATCAACGAGATATCACTAGGAACTACTACCATCCGCGAGG,((.(((.((.(((.....))).))....))).))........((....)),-2.9000000953674316,50,0.48,12,0.48,5,5,1-34,2,4-31,3.0,8-24,2.0,3-32,30,7-28,22.0,10-22,13.0,11-21,3.0,14-18,5.0,43-50,2.0,45-48,4.0,,,,,,,,,,,,,,,,,,,,,,,,
RV-UML-m087,AGCACATATCGGACTGATCTGCATCTTCACACATCTGCCGAGGCGAGGTG,.(((...(((.....))).))).........(((((((....)).))))),-8.399999618530273,50,0.54,13,0.52,4,4,2-22,3,8-18,3.0,32-50,5.0,5-19,15,11-15,5.0,37-45,9.0,37-44,2.0,39-42,4.0,,,,,,,,,,,,,,,,,,,,,,,,,,,,
RV-UML-m088,AGAAGAAATTCAAGCTCCTACGTGCTGATATAAGTTGGGAAGCGATCCCA,.(((....)))..(((((((...(((......))))))).))).......,-8.800000190734863,50,0.44,13,0.52,4,4,2-11,3,14-43,3.0,17-39,4.0,5-8,4,17-40,24.0,21-35,15.0,24-35,3.0,27-32,6.0,,,,,,,,,,,,,,,,,,,,,,,,,,,,
RV-UML-m089,AGAATTCTTCGCAAGAGCTGGCGTACAATCCCCAGCATCCAGCGCAAGAT,.....(((((((..(((((((.(......).))))).))..))).)))).,-16.299999237060547,50,0.52,15,0.6,5,5,6-49,4,10-44,3.0,15-39,2.0,10-45,36,13-41,29.0,17-37,21.0,17-36,5.0,22-31,10.0,23-30,1.0,24-29,6.0,,,,,,,,,,,,,,,,,,,,,,,,
RV-UML-m090,AGCGAGACCTATCGAAGGGTTTATCCAGTTTCCTAGTGGTCAAGTCGCAA,.((((((((....((((((.....))..)))).....))))...))))..,-11.300000190734863,50,0.48,14,0.56,4,4,2-48,4,6-41,4.0,14-32,4.0,6-44,39,10-37,28.0,18-28,11.0,18-26,2.0,20-24,5.0,,,,,,,,,,,,,,,,,,,,,,,,,,,,
RV-UML-m091,AGAACGCGAGTTCCTTCTTCACTGGTACCTCACACCCAATAGCAATTCCA,.((((....))))..........(((.......)))..............,-3.799999952316284,50,0.48,7,0.28,2,2,2-13,4,24-36,3.0,,,6-9,4,27-33,7.0,,,,,,,,,,,,,,,,,,,,,,,,,,,,,,,,,,
RV-UML-m095,AGAAGATCCCGTTGTTCATTTCTAGTGACGTGTTTGGCTTCTGCGGGGTA,.....(((((((.((((((.((....)).)))...)))....))))))).,-10.300000190734863,50,0.48,15,0.6,4,4,6-49,7,14-38,3.0,17-32,3.0,13-42,30,17-35,19.0,20-29,10.0,21-28,2.0,23-26,4.0,,,,,,,,,,,,,,,,,,,,,,,,,,,,
RV-UML-m098,AGCAGCGTTTTTATTCTCTCTATATTATATCACAGACGTTCAACGTAAAA,...(((((((.......................)))))))..........,-2.4000000953674316,50,0.32,7,0.28,1,1,4-40,7,,,,,11-33,23,,,,,,,,,,,,,,,,,,,,,,,,,,,,,,,,,,,,
RV-UML-m099,AGCAATTCCGCGAAATCACTTACCTTCTTACTTGGTCATTGCCAGAACCA,.((......))....................(((((....))))).....,-4.300000190734863,50,0.44,7,0.28,2,2,2-11,2,32-45,5.0,,,4-9,6,37-40,4.0,,,,,,,,,,,,,,,,,,,,,,,,,,,,,,,,,,
RV-UML-m100,AGAGATTGTTGCATTGTCAGCACCACGCAATTGCAGCGCACCCGATCGCA,.(.(((((.(((.((((..((.....))....)))).)))..))))).).,-10.300000190734863,50,0.54,15,0.6,5,5,2-49,1,4-47,5.0,10-40,3.0,3-48,46,9-42,34.0,13-37,25.0,14-36,4.0,18-32,15.0,20-28,2.0,22-26,5.0,,,,,,,,,,,,,,,,,,,,,,,,
RV-UML-m101,AGACTCTTCTGGTCCCCACAGACTCAGAGAGAACCCACC,...((((.((((((......))).)))))))........,-10.199999809265137,39,0.5641025641025641,10,0.5128205128205128,3,3,4-31,4,9-27,3.0,12-23,3.0,8-27,20,12-24,13.0,15-20,6.0,,,,,,,,,,,,,,,,,,,,,,,,,,,,,,,,
RV-UML-m105,AGCACAGACTCAGAGAGAACCCACCATGGTGCTGTCTCCTGCCGACAAGACCAACGTCAAGGCCGCCTGGGG,........(((((.(....((.((..((((..((((.......))))..))))..))...))...)))))).,-15.899999618530273,72,0.6111111111111112,18,0.5,6,6,9-71,5,15-66,1.0,20-62,2.0,14-66,53,16-65,50.0,22-60,39.0,23-57,2.0,25-55,31.0,27-53,4.0,31-49,19.0,33-47,4.0,37-43,7.0,,,,,,,,,,,,,,,,,,,,
RV-UML-m109,AGAAGATGAAGCCTGAACTGATTATAAAACCTTCCTTGGCTCAGTGCCCTTCACCACTGCTGGCTTTTTGCTGTAGCTCCACATTCCTGTGCATTGAGGGGTTAACATTAGGCTGGGAAG,.........((((((((((((...(((........)))..)))))((((((((...((((.(((.....)))))))...((((....))))...)))))))).....)))))))......,-28.799999237060547,120,0.475,34,0.5666666666666667,7,7,10-114,7,17-45,5.0,25-38,3.0,17-107,91,22-40,19.0,28-35,8.0,46-102,8.0,54-94,41.0,57-76,4.0,61-72,12.0,62-72,3.0,65-69,5.0,80-91,4.0,84-87,4.0,,,,,,,,,,,,,,,,
RV-UML-m111,AGGCCGCGGCGGGCGGCGGGCGCGGCGCGGCGCGGCGCCATCTTGCAGCCGGCGGCGCGGATTGA,..((((((.((.((.....)).)).))))))(((.((((...........)))).))).......,-37.099998474121094,65,0.8461538461538461,17,0.5230769230769231,5,5,3-31,6,10-24,2.0,13-21,2.0,9-25,17,12-22,11.0,15-19,5.0,32-58,3.0,35-55,21.0,36-54,4.0,40-50,11.0,,,,,,,,,,,,,,,,,,,,,,,,
RV-UML-m126,AGACTCTTCTGGTCCCCACAGACTCAGAGAGAACCCACC,...((((.((((((......))).)))))))........,-10.199999809265137,39,0.5641025641025641,10,0.5128205128205128,3,3,4-31,4,9-27,3.0,12-23,3.0,8-27,20,12-24,13.0,15-20,6.0,,,,,,,,,,,,,,,,,,,,,,,,,,,,,,,,
RV-UML-m127,AGACTCTTCTGGTCCCCACAGACTCAGAGAGAACCCACC,...((((.((((((......))).)))))))........,-10.199999809265137,39,0.5641025641025641,10,0.5128205128205128,3,3,4-31,4,9-27,3.0,12-23,3.0,8-27,20,12-24,13.0,15-20,6.0,,,,,,,,,,,,,,,,,,,,,,,,,,,,,,,,
RV-UML-m130,AGACTCTTCTGGTCCCCACAGACTCAGAGAGAACCCACC,...((((.((((((......))).)))))))........,-10.199999809265137,39,0.5641025641025641,10,0.5128205128205128,3,3,4-31,4,9-27,3.0,12-23,3.0,8-27,20,12-24,13.0,15-20,6.0,,,,,,,,,,,,,,,,,,,,,,,,,,,,,,,,
RV-UML-m131,AGACTCTTCTGGTCCCCACAGACTCAGAGAGAACCCACC,...((((.((((((......))).)))))))........,-10.199999809265137,39,0.5641025641025641,10,0.5128205128205128,3,3,4-31,4,9-27,3.0,12-23,3.0,8-27,20,12-24,13.0,15-20,6.0,,,,,,,,,,,,,,,,,,,,,,,,,,,,,,,,
RV-UML-m132,AGACTCTTCTGGTCCCCACAGACTCAGAGAGAACCCACC,...((((.((((((......))).)))))))........,-10.199999809265137,39,0.5641025641025641,10,0.5128205128205128,3,3,4-31,4,9-27,3.0,12-23,3.0,8-27,20,12-24,13.0,15-20,6.0,,,,,,,,,,,,,,,,,,,,,,,,,,,,,,,,
RV-UML-m134,AGACTCTTCTGGTCCCCACAGACTCAGAGAGAACCCACC,...((((.((((((......))).)))))))........,-10.199999809265137,39,0.5641025641025641,10,0.5128205128205128,3,3,4-31,4,9-27,3.0,12-23,3.0,8-27,20,12-24,13.0,15-20,6.0,,,,,,,,,,,,,,,,,,,,,,,,,,,,,,,,
RV-UML-m136,AGACATTTGCTTCTGACACAACTGTGTTCACTAGCAACCTCAAACAGACACC,......(((((..((((((....))).)))..)))))...............,-10.100000381469727,52,0.4423076923076923,11,0.4230769230769231,3,3,7-37,5,14-30,3.0,17-26,3.0,12-32,21,17-27,11.0,20-23,4.0,,,,,,,,,,,,,,,,,,,,,,,,,,,,,,,,
RV-UML-m137,AGACATTTGCTTCTGACACAACTGTGTTCACTAGCAACCTCAAACAGACACC,......(((((..((((((....))).)))..)))))...............,-10.100000381469727,52,0.4423076923076923,11,0.4230769230769231,3,3,7-37,5,14-30,3.0,17-26,3.0,12-32,21,17-27,11.0,20-23,4.0,,,,,,,,,,,,,,,,,,,,,,,,,,,,,,,,
RV-UML-m144,AGACATTTGCTTCTGACACAACTGTGTTCACTAGCAACCTCAAACAGACACC,......(((((..((((((....))).)))..)))))...............,-10.100000381469727,52,0.4423076923076923,11,0.4230769230769231,3,3,7-37,5,14-30,3.0,17-26,3.0,12-32,21,17-27,11.0,20-23,4.0,,,,,,,,,,,,,,,,,,,,,,,,,,,,,,,,
RV-UML-m160,AGCTCTCCGCCAGACCGCCGCCGCGCCGCCATC,.((.....)).....(((....)))........,-2.0999999046325684,33,0.7878787878787878,5,0.30303030303030304,2,2,2-10,2,16-25,3.0,,,4-8,5,19-22,4.0,,,,,,,,,,,,,,,,,,,,,,,,,,,,,,,,,,
RV-UML-m162,AGCTCTCCGCCAGACCGCCGCCGCGCCGCCATC,.((.....)).....(((....)))........,-2.0999999046325684,33,0.7878787878787878,5,0.30303030303030304,2,2,2-10,2,16-25,3.0,,,4-8,5,19-22,4.0,,,,,,,,,,,,,,,,,,,,,,,,,,,,,,,,,,
RV-UML-m164,AGCTCTCCGCCAGACCGCCGCCGCGCCGCCATC,.((.....)).....(((....)))........,-2.0999999046325684,33,0.7878787878787878,5,0.30303030303030304,2,2,2-10,2,16-25,3.0,,,4-8,5,19-22,4.0,,,,,,,,,,,,,,,,,,,,,,,,,,,,,,,,,,
RV-UML-m176,AGAGGCGCCTGAGAGGCTCTCTACCGGTGAGGGTTTGCGGGGAAG,(((((.((((...))))))))).((.((((....)))).))....,-14.199999809265137,45,0.6444444444444445,15,0.6666666666666666,4,4,1-22,5,7-17,4.0,24-41,2.0,6-17,12,11-13,3.0,26-39,14.0,27-38,4.0,31-34,4.0,,,,,,,,,,,,,,,,,,,,,,,,,,,,
RV-UML-m177,AGAGGCGCCTGAGAGGCTCTCTACCGGTGAGGGTTTGCGGGGAAG,(((((.((((...))))))))).((.((((....)))).))....,-14.199999809265137,45,0.6444444444444445,15,0.6666666666666666,4,4,1-22,5,7-17,4.0,24-41,2.0,6-17,12,11-13,3.0,26-39,14.0,27-38,4.0,31-34,4.0,,,,,,,,,,,,,,,,,,,,,,,,,,,,
RV-UML-m178,AGAGGCGCCTGAGAGGCTCTCTACCGGTGAGGGTTTGCGGGGAAG,(((((.((((...))))))))).((.((((....)))).))....,-14.199999809265137,45,0.6444444444444445,15,0.6666666666666666,4,4,1-22,5,7-17,4.0,24-41,2.0,6-17,12,11-13,3.0,26-39,14.0,27-38,4.0,31-34,4.0,,,,,,,,,,,,,,,,,,,,,,,,,,,,
RV-UML-m183,AGAGGCGCCTGAGAGGCTCTCTACCGGTGAGGGTTTGCGGGGAAG,(((((.((((...))))))))).((.((((....)))).))....,-14.199999809265137,45,0.6444444444444445,15,0.6666666666666666,4,4,1-22,5,7-17,4.0,24-41,2.0,6-17,12,11-13,3.0,26-39,14.0,27-38,4.0,31-34,4.0,,,,,,,,,,,,,,,,,,,,,,,,,,,,
RV-UML-m184,AGAGGCGCCTGAGAGGCTCTCTACCGGTGAGGGTTTGCGGGGAAG,(((((.((((...))))))))).((.((((....)))).))....,-14.199999809265137,45,0.6444444444444445,15,0.6666666666666666,4,4,1-22,5,7-17,4.0,24-41,2.0,6-17,12,11-13,3.0,26-39,14.0,27-38,4.0,31-34,4.0,,,,,,,,,,,,,,,,,,,,,,,,,,,,
RV-UML-m185,AGAGGCGCCTGAGAGGCTCTCTACCGGTGAGGGTTTGCGGGGAAG,(((((.((((...))))))))).((.((((....)))).))....,-14.199999809265137,45,0.6444444444444445,15,0.6666666666666666,4,4,1-22,5,7-17,4.0,24-41,2.0,6-17,12,11-13,3.0,26-39,14.0,27-38,4.0,31-34,4.0,,,,,,,,,,,,,,,,,,,,,,,,,,,,
RV-UML-m186,AGGTCTCCCCTCGCCGCATCCACTCTCCGGCCGGCCGCCTGCCCGCCGCCTCCTCCGTGCGCCCGCCAGCCTCGCCCGCGCCGTCACC,.(((........)))............((((.(((.....))).)))).......((.((((..((.......))..)))))).....,-21.799999237060547,88,0.8068181818181818,18,0.4090909090909091,6,6,2-15,3,28-48,4.0,33-43,3.0,5-12,8,32-44,13.0,36-40,5.0,56-83,2.0,58-81,24.0,59-81,4.0,63-77,15.0,65-75,2.0,67-73,7.0,,,,,,,,,,,,,,,,,,,,
RV-UML-m192,AGGTCTCCCCTCGCCGCATCCACTCTCCGGCCGGCCGCCTGCCCGCCGCCTCCTCCGTGCGCCCGCCAGCCTCGCCCGCGCCGTCACC,.(((........)))............((((.(((.....))).)))).......((.((((..((.......))..)))))).....,-21.799999237060547,88,0.8068181818181818,18,0.4090909090909091,6,6,2-15,3,28-48,4.0,33-43,3.0,5-12,8,32-44,13.0,36-40,5.0,56-83,2.0,58-81,24.0,59-81,4.0,63-77,15.0,65-75,2.0,67-73,7.0,,,,,,,,,,,,,,,,,,,,
RV-UML-m202,AGGGGCTCTCCGGCAGCGGATCTGCGCAGAAGCGTTCCGTGCGTGCAAGTGCTGCGAACCACGTGGGTCCCGGGCGCGTTTCGGGTGCTGGCGGCTGCAGCCGGAGTTCAAACCTAAGCAGCTGGAAGGAACC,.((..((.((((((.(((((...((((....)))))))))((((((..(..(((((.....)))))....)..))))))(((((.(((........))).)))))(((........))).)))))).))..)),-50.099998474121094,133,0.6616541353383458,42,0.631578947368421,11,11,2-133,2,6-129,2.0,9-126,6.0,4-131,128,8-127,120.0,15-120,106.0,16-40,5.0,21-35,15.0,24-35,4.0,28-31,4.0,41-79,6.0,47-73,27.0,49-71,1.0,50-70,21.0,52-66,5.0,80-105,5.0,86-99,3.0,106-119,3.0,57-61,5.0,85-100,16.0,89-96,8.0,109-116,8.0
RV-UML-m221,AGGCCCCCGCCTGGAGTCCAGACCCGACGGCCGGCCCAGTTCCACGCACCCAGCGAGCCCAAGCGCCTTCTCCGCACCAGGGAAGCCCCACCCACCAGAAGCCAAG,.((((..((.((((...))))...))..))))(((.........(((.....))).((....))..((((.((......))))))...............)))...,-23.899999618530273,106,0.7169811320754716,24,0.4528301886792453,8,8,2-32,4,8-26,2.0,11-21,4.0,6-28,23,10-24,15.0,15-17,3.0,33-103,3.0,36-100,65.0,45-55,3.0,48-52,5.0,57-64,2.0,59-62,4.0,67-85,4.0,71-81,11.0,72-81,2.0,,,,,,,74-79,6.0,,,,,,
RV-UML-m262,AGCGTTTTGCAGACGCCACCGCCGAGGAAAACCGTGTACTATTAGCC,.((((((...))))))......((.((....)).))...........,-6.400000095367432,47,0.5531914893617021,10,0.425531914893617,3,3,2-16,6,23-36,2.0,26-33,2.0,8-10,3,25-34,10.0,28-31,4.0,,,,,,,,,,,,,,,,,,,,,,,,,,,,,,,,
RV-UML-m276,AGGCTGCAACGTATCGAGTCAAATATATCGGTTGCAGTAGTACCGTGGCC,..((((((((....(((..........)))))))))))............,-11.800000190734863,50,0.5,11,0.44,2,2,3-38,8,15-30,3.0,,,11-30,20,18-27,10.0,,,,,,,,,,,,,,,,,,,,,,,,,,,,,,,,,,
RV-UML-m277,AGTTTAGCACGAAAATATACAAGGCTCTCGTGTCTCCCTTCAACGCTCGG,......((((((...............)))))).................,-5.400000095367432,50,0.48,6,0.24,1,1,7-33,6,,,,,13-27,15,,,,,,,,,,,,,,,,,,,,,,,,,,,,,,,,,,,,
RV-UML-m278,AGCGTTACTGCCTTCCTCTGGATATTATCCTTCTCTGCATCCGCTGTACA,((((....(((........((((...))))......)))..)))).....,-7.099999904632568,50,0.48,11,0.44,3,3,1-45,4,9-39,3.0,20-30,4.0,5-41,37,12-36,25.0,24-26,3.0,,,,,,,,,,,,,,,,,,,,,,,,,,,,,,,,
RV-UML-m279,AGTCGAGGGGCTTATTCTGCGTTTCTGCACGAGCGAATTCTGACGGATCA,.((((((..((((....(((......))).))))...))).)))......,-9.300000190734863,50,0.52,13,0.52,4,4,2-44,3,5-40,3.0,10-34,4.0,5-41,37,8-37,30.0,14-30,17.0,18-29,3.0,21-26,6.0,,,,,,,,,,,,,,,,,,,,,,,,,,,,
RV-UML-m280,AGACGGTAGACAAGGAATCGAAAGACTGCTCCTCACTGCTTACGTTTACC,(((((..((.((((((.((....))....))))...))))..)))))...,-8.699999809265137,50,0.48,15,0.6,5,5,1-47,5,8-40,2.0,11-38,2.0,6-42,37,10-38,29.0,13-36,24.0,13-33,4.0,17-29,13.0,18-25,2.0,20-23,4.0,,,,,,,,,,,,,,,,,,,,,,,,
RV-UML-m281,AGGAAATTCAGGAAGAATTTTCCTCCTCTACAGAACTCGTCTGGTCCGTC,.((((((((.....))))))))........((((.....)))).......,-8.600000381469727,50,0.46,12,0.48,2,2,2-22,8,31-43,4.0,,,10-14,5,35-39,5.0,,,,,,,,,,,,,,,,,,,,,,,,,,,,,,,,,,
RV-UML-m283,AGCCGCAGCAAGAGAGCGAGTGATTACAGAGCGATCTTTGTGCAAAAGCT,....(((..((((..((...((....))..))..))))..))).......,-11.100000381469727,50,0.5,11,0.44,4,4,5-43,3,10-38,4.0,16-32,2.0,8-40,33,14-34,21.0,18-30,13.0,21-28,2.0,23-26,4.0,,,,,,,,,,,,,,,,,,,,,,,,,,,,
RV-UML-m284,AGGTCCTCTTTCAGGAAGAGGTCGCATACAGTACAGCAGATCTGACGAAG,..(.(((((((...))))))).).......((.(((.....)))))....,-9.600000381469727,50,0.5,13,0.52,4,4,3-23,1,5-21,7.0,31-46,2.0,4-22,19,12-14,3.0,33-44,12.0,34-44,3.0,37-41,5.0,,,,,,,,,,,,,,,,,,,,,,,,,,,,
RV-UML-m285,AGGGATTCAAACTACGCCTTCAATCTCTCGATTTACGTGTGAGGGGATCG,...(((((....(((((....((((....))))...)))))...))))).,-9.199999809265137,50,0.48,14,0.56,3,3,4-49,5,13-41,5.0,22-33,4.0,9-44,36,18-36,19.0,26-29,4.0,,,,,,,,,,,,,,,,,,,,,,,,,,,,,,,,
RV-UML-m286,AGTGGAGAGCGCAATCCAGTTTCCTTAGCAAAGCATATCACCCTTCGGCT,...(((((.(........))))))..(((.(((.........)))..))),-4.599999904632568,50,0.5,12,0.48,4,4,4-24,5,10-19,1.0,27-50,3.0,9-19,11,11-18,8.0,30-47,18.0,31-45,3.0,34-42,9.0,,,,,,,,,,,,,,,,,,,,,,,,,,,,
RV-UML-m288,AGCTTAAGTGTTTCCGCTATTCTTGTTGTCTGCTTTACTTGACGGGCGAC,......((((....))))......(((((((((.......).)))))))),-10.0,50,0.46,13,0.52,3,3,7-18,4,25-50,8.0,33-41,1.0,11-14,4,33-42,10.0,34-40,7.0,,,,,,,,,,,,,,,,,,,,,,,,,,,,,,,,
RV-UML-m289,AGCGATCCGTGATTTCTGCGTTCCAGTAGATTTCAGATAGGCCTTTCGAT,.((.(((..(((..(((((......)))))..))))))..))........,-11.5,50,0.46,13,0.52,4,4,2-42,2,5-38,3.0,10-35,3.0,4-40,37,8-35,28.0,13-32,20.0,15-30,5.0,20-25,6.0,,,,,,,,,,,,,,,,,,,,,,,,,,,,
RV-UML-m290,AGGTTGCACTTTACCCTCCCTTCCCGTGGGAACGCATTGCGAAAATCGCA,.(((........))).((((.......))))......(((((...))))),-11.600000381469727,50,0.54,12,0.48,3,3,2-15,3,17-31,4.0,38-50,5.0,5-12,8,21-27,7.0,43-45,3.0,,,,,,,,,,,,,,,,,,,,,,,,,,,,,,,,
RV-UML-m292,AGATTGGTTTGGCTTTGTTTCCCACAGCGACTGCGGGATTCCGTTTCGCT,....(((...(((...)))..))).(((((..((((....)))).))))),-11.399999618530273,50,0.52,15,0.6,4,4,5-24,3,11-19,3.0,26-50,5.0,8-21,14,14-16,3.0,31-45,15.0,33-44,4.0,37-40,4.0,,,,,,,,,,,,,,,,,,,,,,,,,,,,
RV-UML-m293,AGCTTGAATTCCGTTTTACCGAAAATCTTGGTCAAACGACGGCCGGCTTA,((((.(.....(((((.(((((.....))))).)))))....).))))..,-11.300000190734863,50,0.46,15,0.6,4,4,1-48,4,6-43,1.0,12-38,5.0,5-44,40,7-42,36.0,17-33,17.0,18-32,5.0,23-27,5.0,,,,,,,,,,,,,,,,,,,,,,,,,,,,
RV-UML-m294,AGCATCGTTTCTGCATTAAGAGAAAACTTTGTCTGCAAGGACAGCCGGGG,.((...((((.((((...((((....))))...)))).)))).)).....,-8.899999618530273,50,0.48,14,0.56,4,4,2-45,2,7-42,4.0,12-37,4.0,4-43,40,11-38,28.0,16-33,18.0,19-30,4.0,23-26,4.0,,,,,,,,,,,,,,,,,,,,,,,,,,,,
RV-UML-m297,AGGGGCGGAATCATACTGTTCGTAGGGGAGTACACCAGTATTCGAAAATA,..((((((.......))))))......((((((....)))))).......,-10.100000381469727,50,0.46,12,0.48,2,2,3-21,6,28-43,6.0,,,9-15,7,34-37,4.0,,,,,,,,,,,,,,,,,,,,,,,,,,,,,,,,,,
RV-UML-m299,AGAGAGCCCAGAGAGGACGTTTTATACCCGATTGACAGATTCCTCCCACT,..........(.(((((.((((((........)))..)))))))).)...,-5.099999904632568,50,0.5,12,0.48,4,4,11-47,1,13-45,5.0,19-40,3.0,12-46,35,18-40,23.0,22-37,16.0,22-35,3.0,25-32,8.0,,,,,,,,,,,,,,,,,,,,,,,,,,,,
RV-UML-m300,AGGAGAGGAGAAATCCTACGTCAATTGGATACTCAGTTACCGATTCGGCT,.....((((....))))..(((((((((..((...))..)))))).))).,-10.600000381469727,50,0.46,15,0.6,4,4,6-17,4,20-49,3.0,23-45,6.0,10-13,4,23-46,24.0,29-39,11.0,31-37,2.0,33-35,3.0,,,,,,,,,,,,,,,,,,,,,,,,,,,,
RV-UML-m301,AGTCCGAGAAGAGAAAACAGATTTTCAGCCCACATTGGACAGGGTGGGCA,..........(((((......))))).((((((..........)))))).,-12.300000190734863,50,0.5,11,0.44,2,2,11-26,5,28-49,6.0,,,16-21,6,34-43,10.0,,,,,,,,,,,,,,,,,,,,,,,,,,,,,,,,,,
RV-UML-m302,AGTTATTTGCGATAAACAGTAGGGAGACAATTGACCTGCACAGCGTGGCC,........((.((.....(((((..((...))..))))).....)).)).,-9.300000190734863,50,0.48,11,0.44,4,4,9-49,2,12-46,2.0,19-39,5.0,11-47,37,14-44,31.0,24-34,11.0,26-32,2.0,28-30,3.0,,,,,,,,,,,,,,,,,,,,,,,,,,,,
RV-UML-m303,AGGAAAATCCGGAAACCGGAAATTAACCGAGTGTCTTCAGCTCACTGAGC,.......(((((...)))))........((((.......)))).......,-9.699999809265137,50,0.48,9,0.36,2,2,8-20,5,29-43,4.0,,,13-15,3,33-39,7.0,,,,,,,,,,,,,,,,,,,,,,,,,,,,,,,,,,
RV-UML-m304,AGTACATTCATCGCTCGCTACCCGTCTGTCGAGCACACATTCAGGACAAG,............((((((.........).)))))................,-7.099999904632568,50,0.52,6,0.24,2,2,13-34,5,18-28,1.0,,,18-29,12,19-27,9.0,,,,,,,,,,,,,,,,,,,,,,,,,,,,,,,,,,
RV-UML-m305,AGCTGCCCAAATTCTCGTTATTTCTTCACCTTCCAGAACCTCCCGATCCA,..............(((....((((.........)))).....)))....,-0.5,50,0.48,7,0.28,2,2,15-46,3,22-38,4.0,,,18-43,26,26-34,9.0,,,,,,,,,,,,,,,,,,,,,,,,,,,,,,,,,,
RV-UML-m309,AGGCCACTGCTACTGTGCAAATCCGCAGGATCCTTCCCGTTACGGTCGAA,.((((..(((......))).....((.(((....))).))...))))...,-9.699999809265137,50,0.56,12,0.48,4,4,2-47,4,8-19,3.0,25-40,2.0,6-43,38,11-16,6.0,27-38,12.0,28-37,3.0,31-34,4.0,,,,,,,,,,,,,,,,,,,,,,,,,,,,
RV-UML-m311,AGAGAGCCTACAAGTCTTTACTATCAGCTGATTCGATCACTCGTCCCGCC,(((((.........))))).......((.....(((....)))....)).,-2.799999952316284,50,0.5,10,0.4,3,3,1-19,5,27-49,2.0,34-43,3.0,6-14,9,29-47,19.0,37-40,4.0,,,,,,,,,,,,,,,,,,,,,,,,,,,,,,,,
RV-UML-m314,AGGGAACAGTGGAGCACAATAGTTGTCACAAACGCGTGACCTGTACCTTA,((((.((((...(((......)))(((((......))))))))).)))).,-11.5,50,0.48,16,0.64,4,4,1-49,4,6-44,4.0,13-24,3.0,5-45,41,10-40,31.0,16-21,6.0,25-40,5.0,30-35,6.0,,,,,,,,,,,,,,,,,,,,,,,,,,,,
RV-UML-m315,AGGATCACAGAAAAGGATTCCCAAGCGAATAGCCTTCCCGCGAAGACACA,.(((((.(......))))))....((.....))((((....)))).....,-6.300000190734863,50,0.5,12,0.48,4,4,2-20,5,8-15,1.0,25-33,2.0,7-15,9,9-14,6.0,27-31,5.0,34-45,4.0,38-41,4.0,,,,,,,,,,,,,,,,,,,,,,,,,,,,
RV-UML-m317,AGCATAGTTAGAGCTTCTTCTCATCTGTTATCGCGATCGTACCTCCCGCT,...((((...(((......)))..))))....(((...........))).,-4.0,50,0.48,10,0.4,3,3,4-28,4,11-22,3.0,33-49,3.0,8-24,17,14-19,6.0,36-46,11.0,,,,,,,,,,,,,,,,,,,,,,,,,,,,,,,,
RV-UML-m318,AGCCCTTACACGAATTCTCGAAAATCGTGCTTCAAGAAACGTACAACGGC,.(((.((..(((..((((.(((........))).)))).)))..)).))),-7.900000095367432,50,0.46,15,0.6,5,5,2-50,3,6-46,2.0,10-42,3.0,5-47,43,8-44,37.0,13-39,27.0,15-38,4.0,19-34,16.0,20-33,3.0,23-30,8.0,,,,,,,,,,,,,,,,,,,,,,,,
RV-UML-m319,AGAGAACCCAGTACCCAATTCCACGCGAACGTAGACGAGAAGGAGGTGCG,..........(((((....(((...((........))....)))))))).,-8.100000381469727,50,0.56,10,0.4,3,3,11-49,5,20-44,3.0,26-37,2.0,16-44,29,23-41,19.0,28-35,8.0,,,,,,,,,,,,,,,,,,,,,,,,,,,,,,,,
RV-UML-m321,AGCTGACTGGTCAAACAACGCAACCAGCGATTCACGGTTTTCCTGTCGCA,.((.(((.((..((((..(((.....))).......)))).)).))))).,-9.800000190734863,50,0.52,14,0.56,5,5,2-49,2,5-47,3.0,9-43,2.0,4-47,44,8-44,37.0,11-41,31.0,13-40,4.0,17-36,20.0,19-29,3.0,22-26,5.0,,,,,,,,,,,,,,,,,,,,,,,,
RV-UML-m322,AGCCGGTAGATTGGCTAATTCGGAGAAAGGACCATCTCGAGTACGCGAAA,(((((......))))).(((((.(((........))))))))........,-10.699999809265137,50,0.5,13,0.52,3,3,1-16,5,18-42,5.0,24-37,3.0,6-11,6,23-37,15.0,27-34,8.0,,,,,,,,,,,,,,,,,,,,,,,,,,,,,,,,
RV-UML-m324,AGAGAATCTTGTGCTTATTGTGATCGAGCATTGCAGTGGCGTTGGCCATT,..........((((((.........))))))...((((((....)))))),-11.600000381469727,50,0.46,12,0.48,2,2,11-31,6,35-50,6.0,,,17-25,9,41-44,4.0,,,,,,,,,,,,,,,,,,,,,,,,,,,,,,,,,,
RV-UML-m325,AGGATCTATCGGAACGTTGTACATTGTATTCGCAGCACCTAGAAACCGTC,.((.((((..((...(((((...........))))).))))))..))...,-6.599999904632568,50,0.46,13,0.52,4,4,2-47,2,5-43,4.0,11-39,2.0,4-45,42,9-39,31.0,13-37,25.0,16-36,5.0,21-31,11.0,,,,,,,,,,,,,,,,,,,,,,,,,,,,
RV-UML-m326,AGTGCCAAGGTATACGGGAAGAAAGTGTGTTCAACATACGCGTGGCGAGG,..(((((.(((((....(((.(.....).)))...)))).).)))))...,-9.399999618530273,50,0.52,14,0.56,5,5,3-47,5,9-41,1.0,10-39,4.0,8-42,35,10-40,31.0,14-35,22.0,18-32,3.0,21-29,9.0,22-28,1.0,23-27,5.0,,,,,,,,,,,,,,,,,,,,,,,,
RV-UML-m327,AGCTTGGAAAACAGCGCTCACAGAATTCTTAGACACTGCACGTCCCGCCC,.((..(((...(((.(.((..((....))..))).)))....))).))..,-6.599999904632568,50,0.54,13,0.52,6,6,2-48,2,6-45,3.0,12-38,3.0,4-46,43,9-42,34.0,15-35,21.0,16-34,1.0,17-33,17.0,18-33,2.0,20-31,12.0,22-29,2.0,24-27,4.0,,,,,,,,,,,,,,,,,,,,
RV-UML-m330,AGGACGAGTATACGACCTCAGTCTAGTCCAAGGGTACTTCGATAATTGCC,.(((((((........))).)))).(((.(((....))).))).......,-8.800000190734863,50,0.48,13,0.52,4,4,2-24,4,6-19,3.0,26-43,3.0,6-20,15,9-16,8.0,29-40,12.0,30-39,3.0,33-36,4.0,,,,,,,,,,,,,,,,,,,,,,,,,,,,
RV-UML-m333,AGTACCTGGCCAGGACAAACAGTATCTTGCTGTATTCTCACCTCTCCACT,......(((..(((....((((((...)))))).......)))..)))..,-8.0,50,0.48,12,0.48,3,3,7-48,3,12-43,3.0,19-33,6.0,10-45,36,15-40,26.0,25-27,3.0,,,,,,,,,,,,,,,,,,,,,,,,,,,,,,,,
RV-UML-m334,AGTGGAGTACCTATTTAAGGGAGAGTGTTAGATCCCGACTAACGTTCGCT,.........(((.....)))..(((((((((.......)))))))))...,-7.900000095367432,50,0.46,12,0.48,2,2,10-20,3,23-47,9.0,,,13-17,5,32-38,7.0,,,,,,,,,,,,,,,,,,,,,,,,,,,,,,,,,,
RV-UML-m335,AGGGGATTGGATCAGAGTATTGAGTACGACGACCTCCGACCATTGATCTC,...((.(((((((...((((...))))...))..))))))).........,-8.100000381469727,50,0.5,13,0.52,4,4,4-41,2,7-39,5.0,12-32,2.0,6-39,34,12-34,23.0,14-30,17.0,17-27,4.0,21-23,3.0,,,,,,,,,,,,,,,,,,,,,,,,,,,,
RV-UML-m336,AGTCACTTGGCGGAATTCGTCGAAGGTGTATTGCGGTTCATCACAAAGCA,...(((((((((.....)))))..))))...(((.............))),-7.599999904632568,50,0.48,12,0.48,3,3,4-28,4,8-22,5.0,32-50,3.0,8-24,17,13-17,5.0,35-47,13.0,,,,,,,,,,,,,,,,,,,,,,,,,,,,,,,,
RV-UML-m337,AGTTATACACAGATTGCCCGTCCTCTACACAGAGCTTTCTGTCATTCACG,........(((((..(((.((.......)).).))..)))))........,-7.5,50,0.46,10,0.4,4,4,9-42,5,16-35,2.0,18-32,1.0,14-37,24,18-33,16.0,19-31,13.0,20-30,2.0,22-28,7.0,,,,,,,,,,,,,,,,,,,,,,,,,,,,
RV-UML-m339,AGTTGCCCTTTATTTACGCACAAGAGATCGTACCTGCCCCGATCGCTACT,...(((...........)))..((.(((((.........))))).))...,-5.800000190734863,50,0.5,10,0.4,3,3,4-20,3,23-47,2.0,26-44,5.0,7-17,11,25-45,21.0,31-39,9.0,,,,,,,,,,,,,,,,,,,,,,,,,,,,,,,,
RV-UML-m342,AGGAAACATACAGATTCCGATTCAAGAGCTGCACGGACTACGTGTACGAT,.((((.(.....).))))...........((((((.....))))))....,-9.800000190734863,50,0.46,11,0.44,3,3,2-18,4,7-13,1.0,30-46,6.0,6-14,9,8-12,5.0,36-40,5.0,,,,,,,,,,,,,,,,,,,,,,,,,,,,,,,,
RV-UML-m348,AGCCTTCGCACAATACTCGCGCGTCCTAAGCAAAATCGGAACAAGTACTG,......(((.(.......).)))(((...........)))..........,-3.200000047683716,50,0.5,7,0.28,3,3,7-23,3,11-19,1.0,24-40,3.0,10-20,11,12-18,7.0,27-37,11.0,,,,,,,,,,,,,,,,,,,,,,,,,,,,,,,,
RV-UML-m349,AGACTGAGTAGCGTTGTCGATTGCTGTTTTCATAACCGTACCGAGCCTGC,((.((..(((..(((((.((.........)))))))..)))..)).))..,-7.5,50,0.5,14,0.56,5,5,1-48,2,4-45,2.0,8-41,3.0,3-46,44,6-43,38.0,11-38,28.0,13-36,5.0,18-31,14.0,19-31,2.0,21-29,9.0,,,,,,,,,,,,,,,,,,,,,,,,
RV-UML-m351,AGGCGCCTCTACTACTACCCTCGAACGAGGCCGATACTGACGAGAACCCG,....(((((.................)))))...................,-6.599999904632568,50,0.6,5,0.2,1,1,5-31,5,,,,,10-26,17,,,,,,,,,,,,,,,,,,,,,,,,,,,,,,,,,,,,
RV-UML-m356,AGGCCAGATTGGCGCCGAGTATCGACGCCTACACTCCTACCAAAGTCTCT,(((.......((((.(((...))).))))......)))............,-10.300000190734863,50,0.56,10,0.4,3,3,1-38,3,11-29,4.0,16-24,3.0,4-35,32,15-25,11.0,19-21,3.0,,,,,,,,,,,,,,,,,,,,,,,,,,,,,,,,
RV-UML-m360,AGTGTATTTTGGTTAGCTCCAATCTGGATCTTGACACGCCATACCTTCGC,((.((((..(((((((.((((...)))).).)))).))..))))))....,-7.099999904632568,50,0.46,17,0.68,6,6,1-46,2,4-44,4.0,10-38,2.0,3-44,42,8-40,33.0,12-36,25.0,12-35,4.0,16-31,16.0,16-30,1.0,17-29,13.0,18-28,4.0,22-24,3.0,,,,,,,,,,,,,,,,,,,,
RV-UML-m361,AGACCTATCCAGACCTTCTCGGCCTCACCATTGCCGTCGCACTCGTACTG,.........(((((.....((((.........))))........)).))),-4.800000190734863,50,0.58,9,0.36,3,3,10-50,3,13-46,2.0,20-36,4.0,13-47,35,15-44,30.0,24-32,9.0,,,,,,,,,,,,,,,,,,,,,,,,,,,,,,,,
RV-UML-m362,AGAATACCGCAGGTTAAAGCTGTGGTGGAGCCGACAGTCATCACCGCCGG,......(((..(((....((((((((...))).)))))....)))..))),-14.399999618530273,50,0.58,14,0.56,4,4,7-50,3,12-45,3.0,19-38,5.0,10-47,38,15-42,28.0,24-33,10.0,24-32,3.0,27-29,3.0,,,,,,,,,,,,,,,,,,,,,,,,,,,,
RV-UML-m363,AGTTGCAGTCGCTCATCAGGTCTGTCTCTGCTGGACACGATCATCCCGTC,....((....))......(((((((((.....))))).))))........,-8.699999809265137,50,0.56,11,0.44,3,3,5-12,2,19-42,4.0,23-37,5.0,7-10,4,23-38,16.0,28-32,5.0,,,,,,,,,,,,,,,,,,,,,,,,,,,,,,,,
RV-UML-m364,AGGTTGGCGGAAGTGCTCCCGCGTCTACACTCTCAAGTCGTCACCGTAAG,.(((.((((((((((............)))).))....))))))).....,-8.300000190734863,50,0.58,13,0.52,4,4,2-45,3,6-42,4.0,10-34,2.0,5-42,38,10-38,29.0,12-32,21.0,12-31,4.0,16-27,12.0,,,,,,,,,,,,,,,,,,,,,,,,,,,,
RV-UML-m365,AGATATCCTGAAGAGTTCGTTACTTTGTGGTATACACTGCTGCGAGGGCC,.((..((.....))..))....((((((((((.....))))))))))...,-10.5,50,0.48,14,0.56,3,3,2-18,2,6-14,2.0,23-47,10.0,4-16,13,8-12,5.0,33-37,5.0,,,,,,,,,,,,,,,,,,,,,,,,,,,,,,,,
RV-UML-m366,AGGGAGAGAAGGAGTTTGGACGAGCTAATAAATCCCGTATCCTAGATACC,.((((.......(((((....)))))......))))(((((...))))).,-11.300000190734863,50,0.46,14,0.56,3,3,2-36,4,13-26,5.0,37-49,5.0,6-32,27,18-21,4.0,42-44,3.0,,,,,,,,,,,,,,,,,,,,,,,,,,,,,,,,
RV-UML-m371,AGGAAATCCTACCGCAACGCAGAGCGTAGATAACTAGTCTCTTCGAAGTC,(((....)))...((..((.((((..(((....)))..)))).))..)).,-9.300000190734863,50,0.48,14,0.56,5,5,1-10,3,14-49,2.0,18-45,2.0,4-7,4,16-47,32.0,20-43,24.0,21-42,4.0,25-38,14.0,27-36,3.0,30-33,4.0,,,,,,,,,,,,,,,,,,,,,,,,
RV-UML-m372,AGATAATCCACACCTCGAGAGACGTTTGCGAGATTACTAACCAAGGGGCC,.............(((((((....))).))))........((....))..,-4.599999904632568,50,0.5,9,0.36,3,3,14-32,4,18-27,3.0,41-48,2.0,18-28,11,21-24,4.0,43-46,4.0,,,,,,,,,,,,,,,,,,,,,,,,,,,,,,,,
RV-UML-m373,AGTTAGAACGTTATCTGGTTCGAAGAGTTGATAGACGCAGAATCAGGGCC,.............((((((((.....(((....)))...))))))))...,-9.300000190734863,50,0.46,11,0.44,2,2,14-47,8,27-36,3.0,,,22-39,18,30-33,4.0,,,,,,,,,,,,,,,,,,,,,,,,,,,,,,,,,,
RV-UML-m374,AGATTCGGAGGAAACGAGAATTCCAAAGCATCCTTACCTCTCGTAGGGCT,.(((((...(....)..))))).........((((((.....))))))..,-7.800000190734863,50,0.48,12,0.48,3,3,2-22,5,10-15,1.0,32-48,6.0,7-17,11,11-14,4.0,38-42,5.0,,,,,,,,,,,,,,,,,,,,,,,,,,,,,,,,
