5‘UTR,,,,,,
RV-UML-m314,AGGGAACAGUGGAGCACAAUAGUUGUCACAAACGCGUGACCUGUACCUUA,,,,,
RV-UML-m076,AGTGCCGCATTGTCTTCTTGTGTTCGCTTGCCGCCGACGAACAACTGGAA,,,,,
RV-UML-m078,AGGUGGUCUUCUUGUUGCUACAGGAACCCACGGACUUAUUCGAUAGCGAC,,,,,
RV-UML-m007,AGGGAUUUACCGAGAAUCUAGUUACAGAACAACCUCUUCCUAAAAGGGCC,,,,,
RV-UML-m017,AGAGAAAGAGUUUCGAGAAAGUUGCGAUACACACCGACCUAAUCCGUGUC,,,,,
RV-UML-m002,AGGUCCGUUAUAUUAUUUAUCUUGCAGAUCAAACUUCAGAGAGGAGGGCC,,,,,
RV-UML-m025,AGGCGAAGUCUUCGACUACCACUACCCUCGCCGUCGCGGUCUUUGCUGUC,,,,,
RV-UML-m051,AGGUCAUCGGACAAUACUUUAGUGGUGUUUUCAGCCCACUCUUCAAAGCA,,,,,
RV-UML-m318,AGCCCUUACACGAAUUCUCGAAAAUCGUGCUUCAAGAAACGUACAACGGC,,,,,
3’UTR,,,,,,
RV-UML-m405,AGACUGGCUAGAUUAUCGAAUGUUCACAUUUUAAAGUUCUGAGAGAAAUAAAAACAUGAAGAAUCUGAAA,,,,,
RV-UML-m394,CUCUGCUGUUUGCUGCAUGCUGCAUGAGACCCAGGGUCCUGCUUUUUUUAAUCUUGUCUUCAGCAGCU,,,,,
RV-UML-m121,GUAGCUCUCUGAAGGCUUUUUACCCAGCAAUGUCCUCAAUGAGGGUCUUUUCUUUCCCUCACCAAAACCCAGCCUUGCCCGUGGGGAGUAAGAGUUAAUAAACACACUCACGAAAAGUUCU,,,,,
RV-UML-m123,AAAAAGUGUGUAUUAGGAGGAGAGAGAGGAAAAAAAGAGGAAA,,,,,
RV-UML-m379,UGAAGACUUUCCAUCAAGGUAAUGCACUUAAUGCUUUAUGUGAGAUUUAAAAAGUAUUUUACCCAUCUUAAAUAAAUUGUGUUUCCAUCAUAGUGGAUACAGUGUUCAGACCCU,,,,,
RV-UML-m398,ACACUUGGAUUUGGUAUAGAAUAACCCAUUGAAAUUUCUGCUGUGCGAGGGUGGUAGAAAUUUACUUUUUUGGGUAUAUUCUUAUAUAUAUUAUGUACAUCGCUGUCUGAAAUUUUAGUUAUUUUUUGUUUUUAAUAAAGACUAACACAAACUUAAUGAUUAAAAGUGA,,,,,
RV-UML-m390,AAUAUUAAUUUAUAAAAAAGAAAUUUUAAAAAGUAACAAGAAAGAACUCGUUUGAAACCA,,,,,
RV-UML-m124,GGGCCAGCCCCACCCCCAGCCAGGCUAUGGUUGCCACCCCAACCCAAUAAAACUGAUGUUACUAGCCUCUCAAGGCCCUUUAAUCCUUU,,,,,
RV-UML-m392,CCCCGUCUGCUCCUCUAGGCUGGCCCCUUGUCCACCCCUCUCCACACCCCUUCCAGCCCAGGGUUCCCAUUUGGCUUCUGGCAGUGGCCCAACUAGCCAAGUCUGGUGUUCCCUCAUCAUCCCCCUACCUGAACCCCUCUUGCCACUGCCUUCUACCUUGUUUGAAACCUGAAUCCUAAUAAAGAAUUAAUAACUCCCA,,,,,
,,,,,,
,,,,,,
Previous ID,,Description,CAP,modification,5' UTR,3' UTR
RY01,,CDS-Ffluc-Benchmark-5'UTR(HBA)/3'UTR(AES+mito)-A30-A70/BioNtech1(2020 COVID )B1,,,agaataaactagtattcttctggtccccacagactcagagagaacccgccacc,gcatgcacgcaatgctagctgcccctttcccgtcctgggtaccccgagtctcccccgacctcgggtcccaggtatgctcccacctccacctgccccactcaccacctctgctagttccagacacctcccaagcacgcagcaatgcagctcaaaacgcttagcctagccacacccccacgggaaacagcagtgattaacctttagcaataaacgaaagtttaactaagctatactaaccccagggttggtcaatttcgtgccagccacaccctggagctag
RY07,,CDS-Ffluc-Benchmark-5’UTR(NCA-7d)/3'UTR(S27-R3U)-A30-A70/NASAR(2020),,,ggcaaaaatcaaaatcaatcatcatcacaacatcaacaatcaatcatcaacacatcatcaagacaccacc,ctcgagctggtactgcatgcttgtgtatgcgttaataaaaagaaggaactcgtaaaaactcaatgtatttctgaggaagcgtggtgcataatgccacgcagcgtctgcataacttttattatttcttttattaatcaacaaaccagccacaccctggagctagc
